mat,periodo,freq,semestre
3,1,0,2012.1
6,1,6,2003.1
9,1,1,2003.1
12,1,6,2003.1
15,1,6,2003.1
18,1,4,2003.1
21,1,0,2003.1
24,1,6,2003.1
27,1,4,2003.1
30,1,6,2003.1
33,1,6,2003.1
36,1,6,2003.1
39,1,6,2003.1
42,1,5,2003.1
45,1,6,2003.1
48,1,6,2003.1
51,1,6,2003.1
54,1,6,2003.1
57,1,6,2003.1
60,1,6,2003.1
63,1,6,2003.1
66,1,6,2003.1
69,1,6,2003.1
72,1,5,2003.1
75,1,4,2003.1
78,1,6,2003.1
81,1,6,2009.2
84,1,6,2009.2
87,1,6,2005.1
90,1,6,2005.2
93,1,6,2005.1
96,1,6,2005.1
99,1,6,2005.1
102,1,6,2005.1
105,1,6,2005.1
108,1,0,2008.1
111,1,6,2008.1
114,1,6,2008.1
117,1,6,2008.1
120,1,6,2008.1
123,1,6,2008.1
126,1,6,2008.1
129,1,6,2008.1
132,1,6,2008.1
135,1,6,2008.1
138,1,6,2008.1
141,1,6,2008.1
144,1,6,2008.1
147,1,6,2008.1
150,1,6,2008.1
153,1,6,2008.1
156,1,6,2008.1
159,1,6,2008.1
162,1,6,2008.1
165,1,3,2008.1
168,1,6,2008.1
171,1,6,2008.1
174,1,6,2008.1
177,1,6,2008.1
180,1,6,2002.1
183,1,6,2002.1
186,1,6,2002.1
189,1,6,2002.1
192,1,6,2002.1
195,1,6,2002.1
198,1,6,2002.1
201,1,6,2002.1
204,1,6,2002.1
207,1,6,2002.1
210,1,6,2002.1
213,1,6,2002.1
216,1,6,2002.1
219,1,6,2002.1
222,1,6,2002.1
225,1,6,2002.1
228,1,6,2009.1
231,1,6,2009.1
234,1,6,2005.2
237,1,6,2006.1
240,1,6,2006.1
243,1,0,2012.2
246,1,0,2011.2
249,1,0,2011.2
252,1,5,2008.2
255,1,6,2008.2
258,1,5,2008.2
261,1,6,2008.2
264,1,6,2008.2
267,1,6,2008.2
270,1,6,2008.2
273,1,0,2010.1
276,1,6,2010.1
279,1,6,2010.1
282,1,1,2010.1
285,1,6,2010.1
288,1,6,2010.1
291,1,6,2010.1
294,1,6,2010.1
297,1,0,2010.1
300,1,2,2012.1
303,1,6,2009.2
306,1,6,2010.2
309,1,0,2009.1
312,1,6,2009.1
315,1,6,2009.1
318,1,4,2009.1
321,1,6,2009.1
324,1,3,2009.1
327,1,6,2009.1
330,1,6,2009.1
333,1,0,2012.2
336,1,0,2011.2
339,1,0,2011.2
342,1,6,2010.1
345,1,6,2010.1
348,1,0,2010.1
351,1,6,2010.1
354,1,6,2010.1
357,1,4,2010.1
360,1,0,2010.1
363,1,6,2010.1
366,1,6,2010.1
369,1,6,2010.1
372,1,0,2012.1
375,1,6,2009.2
378,1,6,2009.2
381,1,6,2007.2
384,1,6,2007.2
387,1,6,2003.2
390,1,3,2003.2
393,1,6,2003.2
396,1,6,2006.2
399,1,6,2006.2
402,1,5,2006.2
405,1,6,2004.2
408,1,6,2004.2
411,1,5,2004.2
414,1,6,2004.2
417,1,6,2004.2
420,1,6,2004.2
423,1,6,2004.2
426,1,6,2004.2
429,1,6,2004.2
432,1,6,2004.2
435,1,6,2004.2
438,1,6,2004.2
441,1,6,2004.2
444,1,6,2004.2
447,1,6,2004.2
450,1,6,2004.2
453,1,2,2004.2
456,1,6,2009.1
459,1,6,2009.1
462,1,3,2009.1
465,1,6,2009.1
468,1,6,2009.1
471,1,6,2009.1
474,1,0,2009.1
477,1,6,2009.1
480,1,4,2009.1
483,1,6,2010.2
486,1,5,2009.1
489,1,6,2009.1
492,1,6,2010.2
495,1,6,2010.2
498,1,6,2010.2
501,1,6,2010.2
504,1,6,2009.1
507,1,6,2009.1
510,1,4,2009.1
513,1,6,2007.1
516,1,4,2005.2
519,1,0,2005.2
522,1,6,2005.2
525,1,6,2005.2
528,1,6,2005.2
531,1,6,2005.2
534,1,6,2006.1
537,1,4,2005.2
540,1,6,2005.2
543,1,6,2005.2
546,1,6,2005.2
549,1,6,2005.2
552,1,6,2005.2
555,1,1,2005.2
558,1,0,2012.2
561,1,0,2012.2
564,1,0,2012.1
567,1,0,2012.1
570,1,0,2012.1
573,1,0,2012.1
576,1,0,2012.1
579,1,6,2003.1
582,1,6,2010.1
585,1,0,2010.1
588,1,6,2009.1
591,1,6,2009.1
594,1,6,2009.1
597,1,6,2007.1
600,1,6,2007.1
603,1,6,2007.1
606,1,6,2007.1
609,1,6,2007.1
612,1,6,2007.1
615,1,6,2007.1
618,1,5,2007.1
621,1,6,2007.1
624,1,6,2007.1
627,1,6,2007.1
630,1,6,2007.1
633,1,6,2007.1
636,1,6,2002.2
639,1,6,2002.2
642,1,6,2007.1
645,1,6,2006.2
648,1,6,2006.2
651,1,6,2006.2
654,1,0,2011.1
657,1,3,2011.1
660,1,6,2010.2
663,1,6,2010.2
666,1,6,2004.1
669,1,6,2004.1
672,1,6,2004.1
675,1,4,2004.1
678,1,6,2004.1
681,1,6,2004.1
684,1,6,2004.1
687,1,6,2004.1
690,1,6,2004.1
693,1,6,2004.1
696,1,6,2004.1
699,1,6,2004.1
702,1,0,2004.1
705,1,6,2004.1
708,1,6,2004.1
711,1,6,2004.1
714,1,5,2004.1
717,1,6,2004.1
720,1,6,2004.1
723,1,6,2004.1
726,1,6,2004.1
729,1,6,2004.1
732,1,6,2010.1
735,1,5,2010.1
738,1,6,2003.1
741,1,6,2009.2
744,1,6,2009.2
747,1,6,2009.2
750,1,0,2009.2
753,1,6,2009.2
756,1,6,2009.2
759,1,6,2009.2
762,1,6,2009.2
765,1,6,2007.1
768,1,6,2007.2
771,1,5,2007.2
774,1,6,2007.2
777,1,6,2007.2
780,1,6,2007.2
783,1,6,2007.2
786,1,6,2007.2
789,1,6,2007.2
792,1,6,2007.2
795,1,4,2007.2
798,1,6,2007.2
801,1,6,2007.2
804,1,6,2003.2
807,1,6,2003.2
810,1,6,2003.2
813,1,6,2003.2
816,1,6,2003.2
819,1,6,2003.2
822,1,6,2003.2
825,1,6,2003.2
828,1,6,2003.2
831,1,6,2003.2
834,1,6,2003.2
837,1,6,2003.2
840,1,0,2012.1
843,1,0,2011.1
846,1,5,2011.1
849,1,0,2011.1
852,1,3,2011.1
855,1,0,2012.1
858,1,6,2004.2
861,1,6,2008.2
864,1,6,2008.2
867,1,5,2008.2
870,1,6,2008.2
873,1,6,2008.2
876,1,0,2011.2
879,1,6,2007.1
882,1,6,2007.1
885,1,4,2007.1
888,1,6,2006.2
891,1,6,2006.2
894,1,4,2006.2
897,1,6,2006.2
900,1,6,2006.2
903,1,6,2006.2
906,1,6,2006.2
909,1,6,2006.2
912,1,6,2006.2
915,1,6,2006.2
918,1,4,2006.2
921,1,6,2006.2
924,1,5,2006.2
927,1,6,2006.2
930,1,3,2006.2
933,1,4,2006.2
936,1,0,2006.2
939,1,6,2006.2
942,1,6,2002.2
945,1,6,2002.2
948,1,6,2002.2
951,1,6,2002.2
954,1,6,2002.2
957,1,4,2002.2
960,1,6,2002.2
963,1,6,2002.2
966,1,6,2002.2
969,1,6,2002.2
972,1,6,2002.2
975,1,6,2002.2
978,1,6,2002.2
981,1,6,2005.1
984,1,6,2005.1
987,1,6,2005.1
990,1,6,2005.1
993,1,6,2005.1
996,1,6,2005.1
999,1,6,2005.1
1002,1,6,2005.1
1005,1,4,2005.1
1008,1,5,2005.1
1011,1,6,2005.1
1014,1,6,2005.1
1017,1,6,2005.1
1020,1,6,2005.1
1023,1,6,2005.1
1026,1,6,2005.1
1029,1,0,2011.1
1032,1,6,2005.1
1035,1,6,2008.1
1038,1,5,2008.1
1041,1,6,2008.1
1044,1,6,2006.1
1047,1,6,2006.1
1050,1,6,2006.1
1053,1,6,2006.1
1056,1,6,2006.1
1059,1,6,2006.1
1062,1,6,2006.1
1065,1,6,2006.1
1068,1,6,2006.1
1071,1,6,2006.1
1074,1,6,2006.1
1077,1,6,2006.2
1080,1,6,2006.1
1083,1,6,2006.1
1086,1,0,2006.1
1089,1,4,2006.1
1092,1,6,2006.1
1095,1,0,2006.1
1098,1,6,2006.1
1101,1,6,2006.1
1104,1,0,2006.1
1107,1,6,2006.1
1110,1,6,2006.1
1113,1,0,2011.2
1116,1,3,2008.2
1119,1,3,2008.2
1122,1,6,2008.2
1125,1,6,2008.2
3,2,0,2012.2
6,2,6,2003.2
9,2,0,2003.2
12,2,6,2003.2
15,2,6,2003.2
18,2,4,2003.2
21,2,0,2003.2
24,2,6,2003.2
27,2,5,2003.2
30,2,6,2003.2
33,2,6,2003.2
36,2,5,2003.2
39,2,6,2003.2
42,2,6,2003.2
45,2,6,2003.2
48,2,5,2003.2
51,2,6,2003.2
54,2,6,2003.2
57,2,6,2003.2
60,2,5,2003.2
63,2,6,2003.2
66,2,5,2003.2
69,2,6,2003.2
72,2,6,2003.2
75,2,2,2003.2
78,2,6,2003.2
81,2,4,2010.1
84,2,6,2010.1
87,2,6,2005.2
90,2,5,2006.1
93,2,6,2005.2
96,2,6,2005.2
99,2,5,2005.2
102,2,6,2005.2
105,2,6,2005.2
108,2,1,2008.2
111,2,7,2008.2
114,2,7,2008.2
117,2,6,2008.2
120,2,7,2008.2
123,2,7,2008.2
126,2,7,2008.2
129,2,7,2008.2
132,2,7,2008.2
135,2,7,2008.2
138,2,7,2008.2
141,2,7,2008.2
144,2,7,2008.2
147,2,7,2008.2
150,2,7,2008.2
153,2,7,2008.2
156,2,7,2008.2
159,2,7,2008.2
162,2,5,2008.2
165,2,4,2008.2
168,2,7,2008.2
171,2,7,2008.2
174,2,7,2008.2
177,2,7,2008.2
180,2,6,2002.2
183,2,6,2002.2
186,2,6,2002.2
189,2,6,2002.2
192,2,6,2002.2
195,2,6,2002.2
198,2,6,2002.2
201,2,6,2002.2
204,2,6,2002.2
207,2,6,2002.2
210,2,6,2002.2
213,2,6,2002.2
216,2,6,2002.2
219,2,6,2002.2
222,2,6,2002.2
225,2,5,2002.2
228,2,4,2009.2
231,2,4,2009.2
234,2,6,2006.1
237,2,6,2006.2
240,2,1,2006.2
243,2,0,2013.1
246,2,1,2012.1
249,2,1,2012.1
252,2,4,2009.1
255,2,7,2009.1
258,2,4,2009.1
261,2,7,2009.1
264,2,4,2009.1
267,2,7,2009.1
270,2,6,2009.1
273,2,0,2010.2
276,2,6,2010.2
279,2,6,2010.2
282,2,2,2010.2
285,2,6,2010.2
288,2,6,2010.2
291,2,6,2010.2
294,2,6,2010.2
297,2,0,2010.2
300,2,3,2012.2
303,2,6,2010.1
306,2,6,2011.1
309,2,0,2009.2
312,2,6,2009.2
315,2,6,2009.2
318,2,4,2009.2
321,2,6,2009.2
324,2,4,2009.2
327,2,6,2009.2
330,2,6,2009.2
333,2,1,2013.1
336,2,0,2012.1
339,2,1,2012.1
342,2,6,2010.2
345,2,6,2010.2
348,2,0,2010.2
351,2,2,2010.2
354,2,6,2010.2
357,2,5,2010.2
360,2,0,2010.2
363,2,6,2010.2
366,2,6,2010.2
369,2,6,2010.2
372,2,0,2012.2
375,2,4,2010.1
378,2,0,2010.1
381,2,5,2008.1
384,2,6,2008.1
387,2,5,2004.1
390,2,6,2004.1
393,2,1,2004.1
396,2,2,2007.1
399,2,6,2007.1
402,2,5,2007.1
405,2,2,2005.1
408,2,5,2005.1
411,2,1,2005.1
414,2,6,2005.1
417,2,0,2005.1
420,2,5,2005.1
423,2,5,2005.1
426,2,5,2005.1
429,2,5,2005.1
432,2,5,2005.1
435,2,4,2005.1
438,2,4,2005.1
441,2,5,2005.1
444,2,4,2005.1
447,2,6,2005.1
450,2,0,2005.1
453,2,3,2005.1
456,2,6,2009.2
459,2,4,2009.2
462,2,6,2009.2
465,2,6,2009.2
468,2,6,2009.2
471,2,4,2009.2
474,2,0,2009.2
477,2,4,2009.2
480,2,4,2009.2
483,2,6,2011.1
486,2,3,2009.2
489,2,4,2009.2
492,2,6,2011.1
495,2,6,2011.1
498,2,6,2011.1
501,2,6,2011.1
504,2,6,2009.2
507,2,6,2009.2
510,2,5,2010.1
513,2,3,2007.2
516,2,5,2006.1
519,2,2,2006.1
522,2,4,2006.1
525,2,6,2006.1
528,2,2,2006.1
531,2,6,2006.1
534,2,4,2006.2
537,2,4,2006.1
540,2,6,2006.1
543,2,5,2006.1
546,2,6,2006.1
549,2,6,2006.1
552,2,5,2006.1
555,2,2,2006.1
558,2,1,2013.1
561,2,0,2013.1
564,2,1,2012.2
567,2,1,2012.2
570,2,0,2012.2
573,2,1,2012.2
576,2,0,2012.2
579,2,6,2003.2
582,2,2,2010.2
585,2,1,2010.2
588,2,1,2009.2
591,2,4,2009.2
594,2,4,2009.2
597,2,6,2007.2
600,2,6,2007.2
603,2,6,2007.2
606,2,6,2007.2
609,2,5,2007.2
612,2,6,2007.2
615,2,6,2007.2
618,2,5,2007.2
621,2,6,2007.2
624,2,6,2007.2
627,2,6,2007.2
630,2,6,2007.2
633,2,6,2007.2
636,2,0,2003.1
639,2,6,2003.1
642,2,5,2007.2
645,2,6,2007.1
648,2,4,2007.1
651,2,6,2007.1
654,2,0,2011.2
657,2,5,2011.2
660,2,6,2011.1
663,2,6,2011.1
666,2,5,2004.2
669,2,4,2004.2
672,2,4,2004.2
675,2,4,2004.2
678,2,6,2004.2
681,2,6,2004.2
684,2,2,2004.2
687,2,6,2004.2
690,2,5,2004.2
693,2,5,2004.2
696,2,5,2004.2
699,2,5,2004.2
702,2,0,2004.2
705,2,5,2004.2
708,2,6,2004.2
711,2,6,2004.2
714,2,6,2004.2
717,2,5,2004.2
720,2,6,2004.2
723,2,5,2004.2
726,2,5,2004.2
729,2,5,2004.2
732,2,6,2010.2
735,2,5,2010.2
738,2,6,2003.2
741,2,4,2010.1
744,2,6,2010.1
747,2,6,2010.1
750,2,0,2010.1
753,2,6,2010.1
756,2,3,2010.1
759,2,6,2010.1
762,2,6,2010.1
765,2,6,2007.2
768,2,5,2008.1
771,2,6,2008.1
774,2,6,2008.1
777,2,6,2008.1
780,2,6,2008.1
783,2,5,2008.1
786,2,6,2008.1
789,2,3,2008.1
792,2,6,2008.1
795,2,6,2008.1
798,2,3,2008.1
801,2,6,2008.1
804,2,4,2004.1
807,2,5,2004.1
810,2,5,2004.1
813,2,5,2004.1
816,2,5,2004.1
819,2,4,2004.1
822,2,5,2004.1
825,2,2,2004.1
828,2,3,2004.1
831,2,5,2004.1
834,2,4,2004.1
837,2,5,2004.1
840,2,0,2012.2
843,2,0,2011.2
846,2,6,2011.2
849,2,0,2011.2
852,2,6,2011.2
855,2,0,2012.2
858,2,6,2005.1
861,2,7,2009.1
864,2,7,2009.1
867,2,7,2009.1
870,2,7,2009.1
873,2,7,2009.1
876,2,0,2012.1
879,2,5,2007.2
882,2,5,2007.2
885,2,6,2007.2
888,2,5,2007.1
891,2,6,2007.1
894,2,2,2007.1
897,2,6,2007.1
900,2,5,2007.1
903,2,6,2007.1
906,2,6,2007.1
909,2,6,2007.1
912,2,2,2007.1
915,2,5,2007.1
918,2,0,2007.1
921,2,6,2007.1
924,2,4,2007.1
927,2,5,2007.1
930,2,4,2007.1
933,2,3,2007.1
936,2,0,2007.1
939,2,6,2007.1
942,2,2,2003.1
945,2,6,2003.1
948,2,0,2003.1
951,2,6,2003.1
954,2,5,2003.1
957,2,5,2003.1
960,2,5,2003.1
963,2,6,2003.1
966,2,3,2003.1
969,2,2,2003.1
972,2,6,2003.1
975,2,0,2003.1
978,2,1,2003.1
981,2,6,2005.2
984,2,6,2005.2
987,2,6,2005.2
990,2,2,2005.2
993,2,6,2005.2
996,2,6,2005.2
999,2,6,2005.2
1002,2,5,2008.1
1005,2,4,2005.2
1008,2,5,2005.2
1011,2,5,2005.2
1014,2,6,2005.2
1017,2,6,2005.2
1020,2,6,2005.2
1023,2,5,2005.2
1026,2,6,2005.2
1029,2,0,2011.2
1032,2,2,2005.2
1035,2,7,2008.2
1038,2,6,2008.2
1041,2,7,2008.2
1044,2,6,2006.2
1047,2,6,2006.2
1050,2,6,2006.2
1053,2,6,2006.2
1056,2,6,2006.2
1059,2,5,2006.2
1062,2,5,2006.2
1065,2,6,2006.2
1068,2,6,2006.2
1071,2,5,2006.2
1074,2,6,2006.2
1077,2,6,2007.1
1080,2,5,2006.2
1083,2,6,2006.2
1086,2,0,2006.2
1089,2,2,2006.2
1092,2,5,2006.2
1095,2,0,2006.2
1098,2,6,2006.2
1101,2,6,2006.2
1104,2,0,2006.2
1107,2,5,2006.2
1110,2,6,2006.2
1113,2,0,2012.1
1116,2,6,2009.1
1119,2,3,2009.1
1122,2,3,2009.1
1125,2,3,2009.1
3,3,1,2013.1
6,3,6,2004.1
9,3,0,2004.1
12,3,6,2004.1
15,3,7,2004.1
18,3,4,2004.1
21,3,0,2004.1
24,3,5,2004.1
27,3,4,2004.1
30,3,7,2004.1
33,3,5,2005.1
36,3,4,2004.1
39,3,7,2004.1
42,3,6,2004.1
45,3,6,2004.1
48,3,4,2004.1
51,3,6,2004.1
54,3,6,2004.1
57,3,5,2004.1
60,3,0,2004.1
63,3,6,2004.1
66,3,4,2004.1
69,3,6,2004.1
72,3,6,2004.1
75,3,0,2004.1
78,3,6,2004.1
81,3,3,2010.2
84,3,6,2010.2
87,3,6,2006.1
90,3,4,2006.2
93,3,6,2006.1
96,3,6,2006.1
99,3,5,2006.1
102,3,6,2006.1
105,3,6,2006.1
108,3,2,2009.1
111,3,7,2009.1
114,3,6,2009.1
117,3,4,2009.1
120,3,7,2009.1
123,3,4,2009.1
126,3,6,2009.1
129,3,6,2009.1
132,3,7,2009.1
135,3,6,2009.1
138,3,7,2009.1
141,3,6,2009.1
144,3,6,2009.1
147,3,6,2009.1
150,3,6,2009.1
153,3,6,2009.1
156,3,7,2009.1
159,3,7,2009.1
162,3,4,2009.1
165,3,4,2009.1
168,3,7,2009.1
171,3,6,2009.1
174,3,6,2009.1
177,3,6,2009.1
180,3,6,2003.1
183,3,6,2003.1
186,3,6,2003.1
189,3,6,2003.1
192,3,6,2003.1
195,3,6,2003.1
198,3,4,2003.1
201,3,6,2003.1
204,3,6,2003.1
207,3,6,2003.1
210,3,6,2003.1
213,3,6,2003.1
216,3,6,2003.1
219,3,6,2003.1
222,3,6,2003.1
225,3,5,2003.1
228,3,4,2010.1
231,3,4,2010.1
234,3,3,2006.2
237,3,5,2007.1
240,3,0,2007.1
243,3,1,2013.2
246,3,2,2012.2
249,3,0,2012.2
252,3,4,2009.2
255,3,6,2009.2
258,3,4,2009.2
261,3,7,2009.2
264,3,4,2009.2
267,3,7,2009.2
270,3,7,2009.2
273,3,0,2011.1
276,3,7,2011.1
279,3,7,2011.1
282,3,2,2011.1
285,3,5,2011.1
288,3,6,2011.1
291,3,7,2011.1
294,3,7,2011.1
297,3,0,2011.1
300,3,3,2013.1
303,3,7,2010.2
306,3,5,2011.2
309,3,0,2010.1
312,3,4,2010.1
315,3,6,2010.1
318,3,3,2010.1
321,3,7,2010.1
324,3,3,2010.1
327,3,6,2010.1
330,3,7,2010.1
333,3,0,2013.2
336,3,0,2012.2
339,3,2,2012.2
342,3,7,2011.1
345,3,7,2011.1
348,3,1,2011.1
351,3,1,2011.1
354,3,7,2011.1
357,3,2,2011.1
360,3,0,2011.1
363,3,5,2011.1
366,3,7,2011.1
369,3,5,2011.1
372,3,2,2013.1
375,3,1,2010.2
378,3,0,2010.2
381,3,3,2008.2
384,3,5,2008.2
387,3,5,2004.2
390,3,3,2004.2
393,3,0,2004.2
396,3,0,2007.2
399,3,6,2007.2
402,3,6,2007.2
405,3,2,2005.2
408,3,4,2005.2
411,3,0,2005.2
414,3,4,2005.2
417,3,1,2006.1
420,3,4,2005.2
423,3,4,2005.2
426,3,5,2005.2
429,3,5,2005.2
432,3,4,2005.2
435,3,3,2005.2
438,3,4,2005.2
441,3,5,2005.2
444,3,4,2005.2
447,3,5,2005.2
450,3,0,2005.2
453,3,3,2005.2
456,3,6,2010.1
459,3,4,2010.1
462,3,3,2010.1
465,3,2,2010.1
468,3,6,2010.1
471,3,4,2010.1
474,3,3,2010.1
477,3,4,2010.1
480,3,5,2010.1
483,3,5,2011.2
486,3,6,2010.1
489,3,6,2010.1
492,3,6,2011.2
495,3,7,2011.2
498,3,4,2011.2
501,3,5,2011.2
504,3,7,2010.1
507,3,7,2010.1
510,3,6,2010.2
513,3,1,2008.1
516,3,6,2006.2
519,3,2,2006.2
522,3,3,2006.2
525,3,6,2006.2
528,3,1,2006.2
531,3,5,2006.2
534,3,3,2007.1
537,3,5,2006.2
540,3,5,2006.2
543,3,4,2006.2
546,3,6,2006.2
549,3,5,2006.2
552,3,3,2006.2
555,3,2,2006.2
558,3,0,2013.2
561,3,1,2013.2
564,3,0,2013.1
567,3,0,2013.1
570,3,1,2013.1
573,3,0,2013.1
576,3,0,2013.1
579,3,6,2004.1
582,3,5,2011.1
585,3,0,2011.1
588,3,0,2010.1
591,3,3,2010.1
594,3,3,2010.1
597,3,5,2008.1
600,3,7,2008.1
603,3,6,2008.1
606,3,5,2008.1
609,3,4,2008.1
612,3,4,2008.1
615,3,5,2008.1
618,3,5,2008.1
621,3,5,2008.1
624,3,5,2008.1
627,3,6,2008.1
630,3,6,2008.1
633,3,5,2008.1
636,3,0,2003.2
639,3,4,2003.2
642,3,4,2008.1
645,3,2,2007.2
648,3,4,2007.2
651,3,2,2007.2
654,3,0,2012.1
657,3,4,2012.1
660,3,4,2011.2
663,3,5,2011.2
666,3,5,2005.1
669,3,2,2005.1
672,3,4,2005.1
675,3,4,2005.1
678,3,6,2005.1
681,3,4,2005.1
684,3,0,2005.1
687,3,6,2005.1
690,3,5,2005.1
693,3,3,2005.1
696,3,5,2005.1
699,3,5,2005.1
702,3,2,2005.1
705,3,4,2005.1
708,3,1,2005.1
711,3,4,2005.1
714,3,6,2005.1
717,3,5,2005.1
720,3,4,2005.1
723,3,5,2005.1
726,3,1,2005.1
729,3,4,2005.1
732,3,7,2011.1
735,3,5,2011.1
738,3,7,2004.1
741,3,3,2010.2
744,3,5,2010.2
747,3,4,2010.2
750,3,1,2010.2
753,3,4,2010.2
756,3,3,2010.2
759,3,6,2010.2
762,3,6,2010.2
765,3,4,2008.1
768,3,7,2008.2
771,3,5,2008.2
774,3,6,2008.2
777,3,4,2008.2
780,3,6,2008.2
783,3,4,2008.2
786,3,2,2008.2
789,3,3,2008.2
792,3,2,2008.2
795,3,7,2008.2
798,3,0,2008.2
801,3,6,2008.2
804,3,4,2004.2
807,3,4,2004.2
810,3,2,2004.2
813,3,4,2004.2
816,3,4,2004.2
819,3,4,2004.2
822,3,5,2004.2
825,3,2,2004.2
828,3,3,2004.2
831,3,4,2004.2
834,3,4,2004.2
837,3,4,2004.2
840,3,2,2012.1
843,3,0,2012.1
846,3,7,2012.1
849,3,0,2012.1
852,3,7,2012.1
855,3,0,2013.1
858,3,5,2005.2
861,3,6,2009.2
864,3,6,2009.2
867,3,6,2009.2
870,3,7,2009.2
873,3,5,2009.2
876,3,1,2012.2
879,3,4,2008.1
882,3,3,2008.1
885,3,5,2008.1
888,3,6,2007.2
891,3,6,2007.2
894,3,0,2007.2
897,3,2,2007.2
900,3,5,2007.2
903,3,4,2007.2
906,3,2,2007.2
909,3,4,2007.2
912,3,0,2007.2
915,3,2,2007.2
918,3,2,2007.2
921,3,6,2007.2
924,3,4,2007.2
927,3,4,2007.2
930,3,0,2007.2
933,3,4,2007.2
936,3,1,2007.2
939,3,6,2007.2
942,3,0,2003.2
945,3,6,2003.2
948,3,0,2003.2
951,3,5,2003.2
954,3,0,2003.2
957,3,6,2003.2
960,3,1,2003.2
963,3,4,2003.2
966,3,0,2003.2
969,3,1,2003.2
972,3,6,2003.2
975,3,0,2003.2
978,3,0,2003.2
981,3,6,2006.1
984,3,6,2006.1
987,3,5,2006.1
990,3,1,2006.1
993,3,6,2006.1
996,3,6,2006.1
999,3,6,2006.1
1002,3,4,2008.2
1005,3,3,2006.1
1008,3,5,2006.1
1011,3,5,2006.1
1014,3,6,2006.1
1017,3,6,2006.1
1020,3,6,2006.1
1023,3,5,2006.1
1026,3,6,2006.1
1029,3,0,2012.1
1032,3,1,2006.1
1035,3,7,2009.1
1038,3,6,2009.1
1041,3,6,2009.1
1044,3,6,2007.1
1047,3,4,2007.1
1050,3,6,2007.1
1053,3,5,2007.1
1056,3,5,2007.1
1059,3,4,2007.1
1062,3,4,2007.1
1065,3,6,2007.1
1068,3,5,2007.1
1071,3,4,2007.1
1074,3,6,2007.1
1077,3,6,2007.2
1080,3,5,2007.1
1083,3,6,2007.1
1086,3,0,2007.1
1089,3,2,2007.1
1092,3,4,2007.1
1095,3,0,2007.1
1098,3,6,2007.1
1101,3,6,2007.1
1104,3,0,2007.1
1107,3,4,2007.1
1110,3,6,2007.1
1113,3,1,2012.2
1116,3,7,2009.2
1119,3,5,2010.1
1122,3,1,2009.2
1125,3,1,2009.2
3,4,2,2013.2
6,4,3,2004.2
9,4,0,2004.2
12,4,5,2004.2
15,4,6,2004.2
18,4,5,2004.2
21,4,1,2004.2
24,4,4,2004.2
27,4,5,2004.2
30,4,6,2004.2
33,4,3,2005.2
36,4,3,2004.2
39,4,6,2004.2
42,4,7,2004.2
45,4,7,2004.2
48,4,3,2004.2
51,4,6,2004.2
54,4,5,2004.2
57,4,4,2004.2
60,4,0,2004.2
63,4,1,2004.2
66,4,3,2004.2
69,4,6,2004.2
72,4,6,2004.2
75,4,0,2004.2
78,4,7,2004.2
81,4,1,2011.1
84,4,5,2011.1
87,4,5,2006.2
90,4,2,2007.1
93,4,6,2006.2
96,4,5,2006.2
99,4,4,2006.2
102,4,6,2006.2
105,4,6,2006.2
108,4,0,2009.2
111,4,6,2009.2
114,4,4,2009.2
117,4,1,2009.2
120,4,6,2009.2
123,4,3,2009.2
126,4,5,2009.2
129,4,5,2009.2
132,4,6,2009.2
135,4,4,2009.2
138,4,6,2009.2
141,4,3,2009.2
144,4,4,2009.2
147,4,4,2009.2
150,4,3,2009.2
153,4,5,2009.2
156,4,6,2009.2
159,4,7,2009.2
162,4,2,2009.2
165,4,5,2009.2
168,4,6,2009.2
171,4,4,2009.2
174,4,4,2009.2
177,4,5,2009.2
180,4,6,2003.2
183,4,6,2003.2
186,4,4,2003.2
189,4,7,2003.2
192,4,7,2003.2
195,4,7,2003.2
198,4,1,2003.2
201,4,5,2003.2
204,4,5,2003.2
207,4,7,2003.2
210,4,5,2003.2
213,4,7,2003.2
216,4,6,2003.2
219,4,7,2003.2
222,4,7,2003.2
225,4,6,2003.2
228,4,3,2010.2
231,4,3,2010.2
234,4,1,2007.1
237,4,5,2007.2
240,4,0,2007.2
243,4,2,2014.1
246,4,4,2013.1
249,4,0,2013.1
252,4,5,2010.1
255,4,4,2010.1
258,4,4,2010.1
261,4,5,2010.1
264,4,2,2010.1
267,4,6,2010.1
270,4,7,2010.1
273,4,0,2011.2
276,4,6,2011.2
279,4,7,2011.2
282,4,4,2011.2
285,4,3,2011.2
288,4,5,2011.2
291,4,5,2011.2
294,4,6,2011.2
297,4,0,2011.2
300,4,1,2014.2
303,4,7,2011.1
306,4,3,2012.1
309,4,1,2010.2
312,4,3,2010.2
315,4,5,2010.2
318,4,3,2010.2
321,4,6,2010.2
324,4,1,2010.2
327,4,5,2010.2
330,4,6,2010.2
333,4,0,2014.1
336,4,0,2013.1
339,4,2,2013.1
342,4,6,2011.2
345,4,6,2011.2
348,4,4,2011.2
351,4,0,2011.2
354,4,6,2011.2
357,4,1,2011.2
360,4,1,2011.2
363,4,3,2011.2
366,4,6,2011.2
369,4,1,2011.2
372,4,0,2013.2
375,4,0,2011.1
378,4,0,2011.1
381,4,0,2009.1
384,4,4,2009.1
387,4,3,2005.1
390,4,3,2005.1
393,4,0,2005.1
396,4,0,2008.1
399,4,6,2008.1
402,4,4,2008.1
405,4,1,2006.1
408,4,3,2006.1
411,4,0,2006.1
414,4,3,2006.1
417,4,0,2006.1
420,4,2,2006.1
423,4,2,2006.1
426,4,3,2006.1
429,4,4,2006.1
432,4,2,2006.1
435,4,1,2006.1
438,4,2,2006.1
441,4,4,2006.1
444,4,3,2006.1
447,4,5,2006.1
450,4,0,2006.1
453,4,5,2006.1
456,4,5,2010.2
459,4,3,2011.1
462,4,2,2010.2
465,4,0,2010.2
468,4,5,2010.2
471,4,3,2010.2
474,4,5,2010.2
477,4,3,2010.2
480,4,7,2010.2
483,4,3,2012.1
486,4,4,2010.2
489,4,4,2010.2
492,4,4,2012.1
495,4,5,2012.1
498,4,2,2012.1
501,4,3,2012.1
504,4,5,2010.2
507,4,6,2010.2
510,4,7,2011.1
513,4,0,2008.2
516,4,6,2007.1
519,4,3,2007.1
522,4,1,2007.1
525,4,6,2007.1
528,4,0,2007.1
531,4,5,2007.1
534,4,1,2007.2
537,4,6,2007.1
540,4,1,2007.1
543,4,3,2007.1
546,4,5,2007.1
549,4,5,2007.1
552,4,1,2007.1
555,4,2,2007.1
558,4,0,2014.1
561,4,1,2014.1
564,4,0,2013.2
567,4,0,2013.2
570,4,2,2013.2
573,4,0,2013.2
576,4,0,2013.2
579,4,6,2004.2
582,4,1,2011.2
585,4,0,2011.2
588,4,0,2010.2
591,4,1,2010.2
594,4,1,2010.2
597,4,3,2008.2
600,4,7,2008.2
603,4,3,2008.2
606,4,3,2008.2
609,4,3,2008.2
612,4,3,2009.1
615,4,3,2008.2
618,4,3,2008.2
621,4,3,2008.2
624,4,3,2008.2
627,4,5,2008.2
630,4,5,2008.2
633,4,3,2008.2
636,4,0,2004.1
639,4,3,2004.1
642,4,3,2008.2
645,4,0,2008.1
648,4,1,2008.1
651,4,0,2008.1
654,4,0,2012.2
657,4,5,2012.2
660,4,3,2012.1
663,4,3,2012.1
666,4,4,2005.2
669,4,0,2005.2
672,4,3,2005.2
675,4,2,2005.2
678,4,3,2005.2
681,4,3,2005.2
684,4,0,2005.2
687,4,6,2005.2
690,4,4,2005.2
693,4,1,2005.2
696,4,4,2005.2
699,4,4,2005.2
702,4,4,2005.2
705,4,3,2005.2
708,4,0,2005.2
711,4,3,2005.2
714,4,6,2005.2
717,4,3,2005.2
720,4,2,2005.2
723,4,4,2005.2
726,4,1,2005.2
729,4,3,2005.2
732,4,6,2011.2
735,4,0,2011.2
738,4,6,2004.2
741,4,1,2011.1
744,4,4,2011.1
747,4,1,2011.1
750,4,2,2011.1
753,4,1,2011.1
756,4,1,2011.1
759,4,5,2011.1
762,4,5,2011.1
765,4,2,2008.2
768,4,0,2009.1
771,4,4,2009.1
774,4,3,2009.1
777,4,2,2009.1
780,4,5,2009.1
783,4,2,2009.1
786,4,0,2009.1
789,4,0,2009.1
792,4,0,2009.1
795,4,6,2009.1
798,4,0,2009.1
801,4,4,2009.1
804,4,0,2005.1
807,4,3,2005.1
810,4,1,2005.1
813,4,3,2005.1
816,4,3,2005.1
819,4,3,2005.1
822,4,2,2005.1
825,4,1,2005.1
828,4,1,2005.1
831,4,3,2005.1
834,4,0,2005.1
837,4,3,2005.1
840,4,4,2013.2
843,4,1,2012.2
846,4,7,2012.2
849,4,0,2012.2
852,4,7,2012.2
855,4,0,2013.2
858,4,5,2006.1
861,4,4,2010.1
864,4,2,2010.1
867,4,4,2010.1
870,4,7,2010.1
873,4,0,2010.1
876,4,2,2013.1
879,4,3,2008.2
882,4,1,2008.2
885,4,0,2008.2
888,4,4,2008.1
891,4,6,2008.1
894,4,0,2008.1
897,4,0,2008.1
900,4,4,2008.1
903,4,2,2008.1
906,4,0,2008.1
909,4,1,2008.1
912,4,0,2008.1
915,4,0,2008.1
918,4,1,2008.1
921,4,6,2008.1
924,4,1,2008.1
927,4,3,2008.1
930,4,0,2008.1
933,4,4,2008.1
936,4,2,2008.1
939,4,6,2008.1
942,4,0,2004.1
945,4,5,2004.1
948,4,0,2004.1
951,4,4,2004.1
954,4,0,2004.1
957,4,6,2004.1
960,4,0,2004.1
963,4,3,2004.1
966,4,0,2004.1
969,4,0,2004.1
972,4,4,2004.1
975,4,0,2004.1
978,4,0,2004.1
981,4,5,2006.2
984,4,5,2006.2
987,4,4,2006.2
990,4,0,2006.2
993,4,3,2006.2
996,4,4,2006.2
999,4,4,2006.2
1002,4,1,2009.1
1005,4,5,2006.2
1008,4,4,2006.2
1011,4,4,2006.2
1014,4,5,2006.2
1017,4,4,2006.2
1020,4,5,2006.2
1023,4,2,2006.2
1026,4,5,2006.2
1029,4,1,2012.2
1032,4,0,2006.2
1035,4,6,2009.2
1038,4,4,2009.2
1041,4,5,2009.2
1044,4,7,2007.2
1047,4,1,2007.2
1050,4,5,2007.2
1053,4,4,2007.2
1056,4,4,2007.2
1059,4,3,2007.2
1062,4,3,2007.2
1065,4,5,2007.2
1068,4,5,2007.2
1071,4,3,2007.2
1074,4,7,2007.2
1077,4,7,2008.1
1080,4,4,2007.2
1083,4,6,2007.2
1086,4,1,2007.2
1089,4,2,2007.2
1092,4,1,2007.2
1095,4,0,2007.2
1098,4,6,2007.2
1101,4,5,2007.2
1104,4,0,2007.2
1107,4,3,2007.2
1110,4,4,2007.2
1113,4,1,2013.1
1116,4,1,2010.1
1119,4,4,2010.2
1122,4,0,2010.1
1125,4,0,2010.1
3,5,3,2014.1
6,5,3,2005.1
9,5,0,2005.1
12,5,3,2005.1
15,5,4,2005.1
18,5,5,2005.1
21,5,3,2005.1
24,5,2,2005.1
27,5,5,2005.1
30,5,3,2005.1
33,5,0,2006.1
36,5,2,2005.1
39,5,4,2005.1
42,5,5,2005.1
45,5,6,2005.1
48,5,2,2005.1
51,5,4,2005.1
54,5,3,2005.1
57,5,2,2005.1
60,5,0,2005.1
63,5,0,2005.1
66,5,2,2005.1
69,5,3,2005.1
72,5,3,2005.1
75,5,0,2005.1
78,5,5,2005.1
81,5,0,2011.2
84,5,3,2011.2
87,5,3,2007.1
90,5,1,2007.2
93,5,3,2007.1
96,5,2,2007.1
99,5,2,2007.1
102,5,4,2007.1
105,5,3,2007.1
108,5,0,2010.1
111,5,3,2010.1
114,5,1,2010.1
117,5,0,2010.1
120,5,2,2010.1
123,5,1,2010.1
126,5,3,2010.1
129,5,2,2010.1
132,5,2,2010.1
135,5,2,2010.1
138,5,4,2010.1
141,5,1,2010.1
144,5,1,2010.1
147,5,1,2010.1
150,5,1,2010.1
153,5,2,2010.1
156,5,3,2010.1
159,5,4,2010.1
162,5,2,2010.1
165,5,1,2010.1
168,5,3,2010.1
171,5,1,2010.1
174,5,3,2010.1
177,5,3,2010.1
180,5,3,2004.1
183,5,3,2004.1
186,5,3,2004.1
189,5,5,2004.1
192,5,5,2004.1
195,5,5,2004.1
198,5,1,2004.1
201,5,3,2004.1
204,5,4,2004.1
207,5,5,2004.1
210,5,4,2004.1
213,5,4,2004.1
216,5,4,2004.1
219,5,4,2004.1
222,5,5,2004.1
225,5,3,2004.1
228,5,3,2011.1
231,5,2,2011.1
234,5,2,2007.2
237,5,4,2008.1
240,5,0,2008.1
243,5,1,2014.2
246,5,1,2013.2
249,5,0,2013.2
252,5,3,2010.2
255,5,0,2010.2
258,5,2,2010.2
261,5,3,2010.2
264,5,1,2010.2
267,5,3,2010.2
270,5,5,2010.2
273,5,1,2012.1
276,5,4,2012.1
279,5,4,2012.1
282,5,2,2012.1
285,5,0,2012.2
288,5,1,2012.1
291,5,2,2012.1
294,5,2,2012.1
297,5,1,2012.1
300,5,2,2015.1
303,5,5,2011.2
306,5,2,2012.2
309,5,2,2011.1
312,5,1,2011.1
315,5,3,2011.1
318,5,1,2011.1
321,5,3,2011.1
324,5,0,2011.1
327,5,4,2011.1
330,5,4,2011.1
333,5,0,2014.2
336,5,1,2013.2
339,5,1,2013.2
342,5,2,2012.1
345,5,4,2012.1
348,5,1,2012.1
351,5,0,2012.1
354,5,2,2012.1
357,5,0,2012.1
360,5,0,2012.1
363,5,2,2013.1
366,5,3,2012.1
369,5,0,2012.1
372,5,2,2014.1
375,5,0,2011.2
378,5,0,2011.2
381,5,0,2009.2
384,5,2,2009.2
387,5,2,2005.2
390,5,2,2005.2
393,5,0,2005.2
396,5,0,2008.2
399,5,3,2008.2
402,5,4,2008.2
405,5,1,2006.2
408,5,2,2006.2
411,5,0,2006.2
414,5,3,2006.2
417,5,0,2006.2
420,5,3,2006.2
423,5,0,2006.2
426,5,2,2006.2
429,5,3,2006.2
432,5,1,2006.2
435,5,1,2006.2
438,5,3,2006.2
441,5,2,2006.2
444,5,2,2006.2
447,5,2,2006.2
450,5,0,2006.2
453,5,4,2006.2
456,5,3,2011.1
459,5,2,2011.2
462,5,1,2011.1
465,5,0,2011.1
468,5,3,2011.1
471,5,2,2011.1
474,5,5,2011.1
477,5,3,2011.1
480,5,5,2011.1
483,5,2,2012.2
486,5,3,2011.1
489,5,2,2011.1
492,5,2,2012.2
495,5,4,2012.2
498,5,3,2012.2
501,5,2,2012.2
504,5,4,2011.1
507,5,3,2011.1
510,5,3,2011.2
513,5,0,2009.1
516,5,6,2007.2
519,5,2,2007.2
522,5,2,2007.2
525,5,4,2007.2
528,5,0,2007.2
531,5,4,2007.2
534,5,0,2008.1
537,5,4,2007.2
540,5,1,2007.2
543,5,2,2007.2
546,5,3,2007.2
549,5,5,2007.2
552,5,2,2007.2
555,5,2,2007.2
558,5,0,2014.2
561,5,0,2014.2
564,5,0,2014.1
567,5,0,2014.1
570,5,1,2014.1
573,5,0,2014.1
576,5,1,2014.1
579,5,4,2005.1
582,5,0,2012.1
585,5,0,2012.1
588,5,0,2011.1
591,5,0,2011.1
594,5,0,2011.1
597,5,1,2009.1
600,5,5,2009.1
603,5,1,2009.1
606,5,1,2009.1
609,5,1,2009.1
612,5,2,2009.2
615,5,1,2009.1
618,5,0,2009.1
621,5,2,2009.1
624,5,1,2009.1
627,5,2,2009.1
630,5,2,2009.1
633,5,1,2009.1
636,5,0,2004.2
639,5,1,2004.2
642,5,2,2009.1
645,5,0,2008.2
648,5,1,2008.2
651,5,1,2008.2
654,5,1,2013.1
657,5,3,2013.1
660,5,3,2012.2
663,5,1,2012.2
666,5,1,2006.1
669,5,0,2006.1
672,5,0,2006.1
675,5,3,2006.1
678,5,0,2006.1
681,5,2,2006.1
684,5,0,2006.1
687,5,3,2006.1
690,5,2,2006.1
693,5,2,2006.1
696,5,2,2006.1
699,5,1,2006.1
702,5,3,2006.1
705,5,2,2006.1
708,5,0,2006.1
711,5,2,2006.1
714,5,2,2006.1
717,5,2,2006.1
720,5,0,2006.1
723,5,1,2006.1
726,5,0,2006.1
729,5,2,2006.1
732,5,5,2012.1
735,5,2,2012.1
738,5,5,2005.1
741,5,0,2012.2
744,5,2,2011.2
747,5,0,2011.2
750,5,1,2011.2
753,5,1,2011.2
756,5,1,2011.2
759,5,3,2011.2
762,5,2,2011.2
765,5,0,2009.1
768,5,0,2009.2
771,5,2,2009.2
774,5,1,2009.2
777,5,0,2009.2
780,5,3,2009.2
783,5,1,2009.2
786,5,0,2009.2
789,5,0,2009.2
792,5,0,2009.2
795,5,4,2009.2
798,5,0,2009.2
801,5,1,2009.2
804,5,0,2005.2
807,5,2,2005.2
810,5,1,2005.2
813,5,3,2005.2
816,5,2,2005.2
819,5,2,2005.2
822,5,0,2005.2
825,5,1,2005.2
828,5,2,2005.2
831,5,3,2005.2
834,5,1,2005.2
837,5,3,2005.2
840,5,3,2014.1
843,5,0,2013.1
846,5,7,2013.1
849,5,0,2013.1
852,5,6,2013.1
855,5,0,2014.1
858,5,3,2006.2
861,5,1,2010.2
864,5,1,2010.2
867,5,2,2010.2
870,5,4,2010.2
873,5,0,2010.2
876,5,3,2013.2
879,5,1,2009.1
882,5,0,2009.1
885,5,0,2009.1
888,5,2,2008.2
891,5,3,2008.2
894,5,0,2008.2
897,5,1,2008.2
900,5,2,2008.2
903,5,0,2008.2
906,5,1,2008.2
909,5,0,2008.2
912,5,0,2008.2
915,5,1,2008.2
918,5,0,2008.2
921,5,4,2008.2
924,5,0,2008.2
927,5,3,2008.2
930,5,0,2008.2
933,5,0,2008.2
936,5,2,2008.2
939,5,3,2008.2
942,5,0,2004.2
945,5,1,2004.2
948,5,0,2004.2
951,5,3,2004.2
954,5,0,2004.2
957,5,3,2004.2
960,5,0,2004.2
963,5,3,2004.2
966,5,0,2004.2
969,5,0,2004.2
972,5,1,2004.2
975,5,0,2004.2
978,5,0,2004.2
981,5,3,2007.1
984,5,3,2007.1
987,5,3,2007.2
990,5,0,2007.1
993,5,1,2007.1
996,5,2,2007.1
999,5,2,2007.1
1002,5,1,2009.2
1005,5,5,2007.1
1008,5,2,2007.1
1011,5,2,2007.1
1014,5,3,2007.1
1017,5,2,2007.1
1020,5,3,2007.1
1023,5,2,2007.1
1026,5,2,2007.1
1029,5,2,2013.1
1032,5,0,2007.1
1035,5,3,2010.1
1038,5,2,2010.1
1041,5,2,2010.1
1044,5,5,2008.1
1047,5,0,2008.1
1050,5,3,2008.1
1053,5,1,2008.1
1056,5,3,2008.1
1059,5,1,2008.1
1062,5,1,2008.1
1065,5,3,2008.1
1068,5,2,2008.1
1071,5,1,2008.1
1074,5,2,2008.1
1077,5,3,2008.2
1080,5,1,2008.1
1083,5,4,2008.1
1086,5,0,2008.1
1089,5,1,2008.1
1092,5,2,2008.1
1095,5,1,2008.1
1098,5,4,2008.1
1101,5,3,2008.1
1104,5,0,2008.1
1107,5,1,2008.1
1110,5,2,2008.1
1113,5,2,2013.2
1116,5,1,2010.2
1119,5,1,2011.1
1122,5,0,2010.2
1125,5,0,2010.2
3,6,5,2014.2
6,6,3,2005.2
9,6,0,2005.2
12,6,2,2005.2
15,6,5,2005.2
18,6,4,2005.2
21,6,2,2005.2
24,6,0,2005.2
27,6,4,2005.2
30,6,4,2005.2
33,6,1,2006.2
36,6,1,2005.2
39,6,5,2005.2
42,6,5,2005.2
45,6,5,2005.2
48,6,1,2005.2
51,6,5,2005.2
54,6,2,2005.2
57,6,1,2005.2
60,6,0,2005.2
63,6,0,2005.2
66,6,1,2005.2
69,6,2,2005.2
72,6,3,2005.2
75,6,0,2005.2
78,6,5,2005.2
81,6,0,2012.1
84,6,1,2012.1
87,6,2,2007.2
90,6,0,2008.1
93,6,2,2007.2
96,6,1,2007.2
99,6,1,2007.2
102,6,1,2007.2
105,6,1,2007.2
108,6,1,2010.2
111,6,1,2010.2
114,6,0,2010.2
117,6,0,2010.2
120,6,2,2010.2
123,6,0,2010.2
126,6,1,2010.2
129,6,0,2010.2
132,6,1,2010.2
135,6,2,2010.2
138,6,2,2010.2
141,6,0,2010.2
144,6,0,2010.2
147,6,0,2010.2
150,6,0,2010.2
153,6,0,2010.2
156,6,1,2010.2
159,6,3,2010.2
162,6,0,2010.2
165,6,0,2010.2
168,6,2,2010.2
171,6,0,2010.2
174,6,2,2010.2
177,6,1,2010.2
180,6,4,2004.2
183,6,4,2004.2
186,6,1,2004.2
189,6,3,2004.2
192,6,4,2004.2
195,6,5,2004.2
198,6,0,2004.2
201,6,1,2004.2
204,6,1,2004.2
207,6,4,2004.2
210,6,4,2004.2
213,6,3,2004.2
216,6,4,2004.2
219,6,4,2004.2
222,6,6,2004.2
225,6,5,2004.2
228,6,1,2011.2
231,6,1,2011.2
234,6,0,2008.1
237,6,3,2008.2
240,6,0,2008.2
243,6,0,2015.1
246,6,0,2014.1
249,6,0,2014.1
252,6,1,2011.1
255,6,1,2011.1
258,6,0,2011.1
261,6,2,2011.1
264,6,0,2011.1
267,6,1,2011.1
270,6,2,2011.1
273,6,3,2012.2
276,6,4,2012.2
279,6,4,2012.2
282,6,3,2012.2
285,6,2,2013.1
288,6,1,2013.2
291,6,0,2012.2
294,6,3,2012.2
297,6,4,2012.2
300,6,0,2015.2
303,6,3,2012.1
306,6,0,2013.1
309,6,2,2011.2
312,6,1,2011.2
315,6,2,2011.2
318,6,0,2011.2
321,6,3,2011.2
324,6,0,2011.2
327,6,1,2011.2
330,6,0,2011.2
333,6,0,2015.1
336,6,2,2014.1
339,6,0,2014.1
342,6,2,2013.2
345,6,3,2012.2
348,6,0,2012.2
351,6,0,2012.2
354,6,1,2012.2
357,6,0,2012.2
360,6,1,2012.2
363,6,1,2013.2
366,6,1,2014.1
369,6,0,2012.2
372,6,2,2014.2
375,6,0,2012.1
378,6,0,2012.1
381,6,0,2010.1
384,6,0,2010.1
387,6,1,2006.1
390,6,0,2006.1
393,6,0,2006.1
396,6,0,2009.1
399,6,0,2009.1
402,6,0,2009.1
405,6,1,2007.1
408,6,0,2007.1
411,6,0,2007.1
414,6,1,2007.1
417,6,0,2007.1
420,6,0,2007.1
423,6,1,2007.1
426,6,1,2007.1
429,6,1,2007.1
432,6,1,2007.1
435,6,0,2007.1
438,6,1,2007.1
441,6,1,2007.1
444,6,1,2007.1
447,6,2,2007.1
450,6,0,2007.1
453,6,4,2007.1
456,6,2,2011.2
459,6,1,2012.1
462,6,0,2011.2
465,6,0,2011.2
468,6,1,2011.2
471,6,2,2011.2
474,6,2,2011.2
477,6,1,2011.2
480,6,2,2011.2
483,6,0,2013.1
486,6,1,2011.2
489,6,2,2011.2
492,6,0,2013.1
495,6,2,2013.1
498,6,0,2013.1
501,6,0,2013.1
504,6,2,2011.2
507,6,1,2011.2
510,6,1,2012.1
513,6,0,2009.2
516,6,4,2008.1
519,6,0,2008.1
522,6,1,2008.1
525,6,3,2008.1
528,6,0,2008.1
531,6,2,2008.1
534,6,0,2008.2
537,6,2,2008.1
540,6,0,2008.1
543,6,1,2008.1
546,6,1,2008.1
549,6,5,2008.1
552,6,0,2008.1
555,6,1,2008.1
558,6,0,2015.1
561,6,0,2015.1
564,6,0,2014.2
567,6,0,2014.2
570,6,0,2014.2
573,6,0,2014.2
576,6,0,2014.2
579,6,5,2005.2
582,6,0,2012.2
585,6,0,2012.2
588,6,1,2011.2
591,6,1,2011.2
594,6,1,2011.2
597,6,0,2009.2
600,6,2,2009.2
603,6,0,2009.2
606,6,0,2009.2
609,6,0,2009.2
612,6,1,2010.1
615,6,0,2009.2
618,6,0,2009.2
621,6,1,2009.2
624,6,0,2009.2
627,6,0,2009.2
630,6,1,2009.2
633,6,0,2009.2
636,6,0,2005.1
639,6,0,2005.1
642,6,1,2009.2
645,6,0,2009.1
648,6,1,2009.1
651,6,0,2009.1
654,6,1,2013.2
657,6,1,2013.2
660,6,1,2013.1
663,6,0,2013.1
666,6,0,2006.2
669,6,1,2006.2
672,6,0,2006.2
675,6,2,2006.2
678,6,1,2006.2
681,6,1,2006.2
684,6,0,2006.2
687,6,4,2006.2
690,6,1,2006.2
693,6,0,2006.2
696,6,1,2006.2
699,6,0,2006.2
702,6,1,2006.2
705,6,1,2006.2
708,6,0,2006.2
711,6,2,2006.2
714,6,0,2008.1
717,6,1,2006.2
720,6,0,2006.2
723,6,1,2006.2
726,6,0,2006.2
729,6,1,2006.2
732,6,3,2012.2
735,6,1,2012.2
738,6,6,2005.2
741,6,0,2013.1
744,6,0,2012.2
747,6,0,2012.1
750,6,0,2012.1
753,6,0,2012.1
756,6,0,2012.1
759,6,2,2012.1
762,6,0,2012.1
765,6,0,2009.2
768,6,0,2010.1
771,6,0,2010.1
774,6,1,2010.1
777,6,0,2010.1
780,6,1,2010.1
783,6,0,2010.1
786,6,0,2010.1
789,6,0,2010.1
792,6,0,2010.1
795,6,1,2010.1
798,6,0,2010.1
801,6,0,2010.1
804,6,0,2006.1
807,6,1,2006.1
810,6,0,2006.1
813,6,1,2006.1
816,6,1,2006.1
819,6,1,2006.1
822,6,1,2006.1
825,6,0,2006.1
828,6,1,2006.1
831,6,1,2006.1
834,6,1,2006.1
837,6,1,2006.1
840,6,1,2014.2
843,6,2,2013.2
846,6,5,2013.2
849,6,1,2013.2
852,6,5,2013.2
855,6,3,2014.2
858,6,3,2007.1
861,6,1,2011.1
864,6,1,2011.1
867,6,0,2011.1
870,6,1,2011.1
873,6,0,2011.1
876,6,3,2014.1
879,6,0,2009.2
882,6,0,2009.2
885,6,0,2009.2
888,6,2,2009.1
891,6,0,2009.1
894,6,0,2009.1
897,6,0,2009.1
900,6,1,2009.1
903,6,1,2009.1
906,6,0,2009.1
909,6,0,2009.1
912,6,1,2009.1
915,6,0,2009.1
918,6,0,2009.1
921,6,1,2009.1
924,6,0,2009.1
927,6,0,2009.1
930,6,1,2009.1
933,6,0,2009.1
936,6,0,2009.1
939,6,2,2009.1
942,6,0,2005.1
945,6,3,2005.1
948,6,0,2005.1
951,6,0,2005.1
954,6,1,2005.1
957,6,5,2005.1
960,6,0,2005.1
963,6,1,2005.1
966,6,0,2005.1
969,6,0,2005.1
972,6,3,2005.1
975,6,0,2005.1
978,6,0,2005.1
981,6,2,2007.2
984,6,1,2007.2
987,6,2,2008.1
990,6,0,2007.2
993,6,0,2007.2
996,6,0,2007.2
999,6,1,2007.2
1002,6,0,2010.1
1005,6,6,2007.2
1008,6,1,2007.2
1011,6,0,2007.2
1014,6,1,2007.2
1017,6,1,2007.2
1020,6,2,2007.2
1023,6,0,2007.2
1026,6,1,2007.2
1029,6,2,2013.2
1032,6,0,2007.2
1035,6,2,2010.2
1038,6,1,2010.2
1041,6,0,2010.2
1044,6,3,2008.2
1047,6,0,2008.2
1050,6,0,2008.2
1053,6,0,2008.2
1056,6,0,2008.2
1059,6,0,2008.2
1062,6,0,2008.2
1065,6,2,2008.2
1068,6,2,2008.2
1071,6,0,2008.2
1074,6,1,2008.2
1077,6,1,2009.1
1080,6,0,2008.2
1083,6,1,2008.2
1086,6,1,2008.2
1089,6,1,2008.2
1092,6,1,2008.2
1095,6,0,2008.2
1098,6,1,2008.2
1101,6,1,2008.2
1104,6,2,2008.2
1107,6,0,2008.2
1110,6,2,2008.2
1113,6,2,2014.1
1116,6,2,2011.1
1119,6,0,2011.2
1122,6,0,2011.1
1125,6,0,2011.1
3,7,0,2015.1
6,7,2,2006.1
9,7,0,2006.1
12,7,0,2006.1
15,7,1,2006.1
18,7,0,2006.1
21,7,0,2006.1
24,7,0,2006.1
27,7,2,2006.1
30,7,0,2006.1
33,7,1,2007.1
36,7,1,2006.1
39,7,1,2006.1
42,7,2,2006.1
45,7,3,2006.1
48,7,1,2006.1
51,7,0,2006.1
54,7,1,2006.1
57,7,1,2007.2
60,7,0,2006.1
63,7,0,2006.1
66,7,0,2006.1
69,7,1,2006.1
72,7,0,2006.1
75,7,0,2006.1
78,7,0,2006.1
81,7,0,2012.2
84,7,0,2012.2
87,7,0,2008.1
90,7,0,2008.2
93,7,0,2008.1
96,7,0,2008.1
99,7,0,2008.1
102,7,0,2008.1
105,7,1,2008.1
108,7,2,2011.1
111,7,0,2011.1
114,7,0,2011.1
117,7,0,2011.1
120,7,1,2011.1
123,7,1,2011.2
126,7,0,2011.1
129,7,1,2011.1
132,7,0,2011.1
135,7,1,2011.1
138,7,1,2011.1
141,7,0,2011.1
144,7,0,2011.1
147,7,0,2011.1
150,7,0,2011.1
153,7,2,2011.1
156,7,0,2011.1
159,7,2,2011.1
162,7,0,2011.1
165,7,0,2011.1
168,7,1,2011.1
171,7,0,2011.1
174,7,0,2011.1
177,7,1,2011.1
180,7,0,2005.1
183,7,1,2005.1
186,7,1,2005.1
189,7,2,2005.1
192,7,3,2005.1
195,7,1,2005.1
198,7,0,2005.1
201,7,2,2005.1
204,7,1,2005.1
207,7,3,2005.1
210,7,2,2005.1
213,7,2,2005.1
216,7,2,2005.1
219,7,1,2005.1
222,7,2,2005.1
225,7,1,2005.1
228,7,0,2012.1
231,7,0,2012.1
234,7,0,2008.2
237,7,1,2009.1
240,7,1,2009.1
243,7,0,2015.2
246,7,0,2014.2
249,7,0,2014.2
252,7,1,2011.2
255,7,0,2011.2
258,7,1,2011.2
261,7,0,2011.2
264,7,0,2011.2
267,7,1,2011.2
270,7,0,2011.2
273,7,0,2013.1
276,7,2,2013.1
279,7,2,2013.1
282,7,0,2013.1
285,7,1,2013.2
288,7,1,2014.1
291,7,2,2013.1
294,7,3,2013.1
297,7,0,2013.1
300,7,0,2016.1
303,7,2,2013.2
306,7,0,2013.2
309,7,2,2012.1
312,7,0,2012.1
315,7,0,2012.1
318,7,0,2012.1
321,7,1,2012.1
324,7,0,2012.1
327,7,0,2012.1
330,7,0,2012.1
333,7,0,2015.2
336,7,0,2014.2
339,7,0,2014.2
342,7,2,2014.1
345,7,1,2013.1
348,7,0,2013.1
351,7,0,2013.1
354,7,0,2013.1
357,7,0,2013.1
360,7,0,2013.1
363,7,0,2014.1
366,7,3,2014.2
369,7,1,2013.1
372,7,2,2015.1
375,7,0,2012.2
378,7,0,2012.2
381,7,0,2010.2
384,7,0,2010.2
387,7,2,2006.2
390,7,1,2006.2
393,7,1,2006.2
396,7,0,2009.2
399,7,0,2009.2
402,7,1,2009.2
405,7,1,2007.2
408,7,1,2007.2
411,7,0,2007.2
414,7,2,2007.2
417,7,0,2007.2
420,7,0,2007.2
423,7,1,2007.2
426,7,1,2007.2
429,7,1,2007.2
432,7,1,2007.2
435,7,0,2007.2
438,7,1,2007.2
441,7,2,2007.2
444,7,0,2007.2
447,7,2,2007.2
450,7,0,2007.2
453,7,1,2007.2
456,7,0,2012.1
459,7,3,2012.2
462,7,0,2012.1
465,7,0,2012.1
468,7,0,2012.1
471,7,0,2012.1
474,7,1,2012.1
477,7,0,2012.1
480,7,0,2012.1
483,7,0,2013.2
486,7,0,2012.1
489,7,0,2012.1
492,7,0,2013.2
495,7,0,2013.2
498,7,1,2013.2
501,7,0,2013.2
504,7,0,2012.1
507,7,0,2012.1
510,7,0,2012.2
513,7,0,2010.1
516,7,1,2008.2
519,7,0,2008.2
522,7,0,2008.2
525,7,2,2008.2
528,7,0,2008.2
531,7,0,2008.2
534,7,0,2009.1
537,7,1,2008.2
540,7,0,2008.2
543,7,0,2008.2
546,7,1,2008.2
549,7,2,2008.2
552,7,0,2008.2
555,7,1,2008.2
558,7,0,2015.2
561,7,0,2015.2
564,7,0,2015.1
567,7,0,2015.1
570,7,0,2015.1
573,7,0,2015.1
576,7,0,2015.1
579,7,0,2006.1
582,7,0,2013.1
585,7,0,2013.1
588,7,0,2012.1
591,7,0,2012.1
594,7,0,2012.1
597,7,0,2010.1
600,7,2,2010.1
603,7,0,2010.1
606,7,0,2010.1
609,7,1,2010.1
612,7,1,2010.2
615,7,0,2010.1
618,7,0,2010.1
621,7,1,2010.1
624,7,0,2010.1
627,7,0,2010.1
630,7,0,2010.1
633,7,0,2010.1
636,7,0,2005.2
639,7,0,2005.2
642,7,0,2010.1
645,7,0,2009.2
648,7,0,2009.2
651,7,0,2009.2
654,7,0,2014.1
657,7,2,2014.1
660,7,0,2013.2
663,7,1,2013.2
666,7,0,2007.1
669,7,0,2007.1
672,7,1,2007.1
675,7,2,2007.1
678,7,0,2007.1
681,7,0,2007.1
684,7,0,2007.1
687,7,0,2007.1
690,7,0,2007.1
693,7,0,2007.1
696,7,1,2007.1
699,7,0,2007.1
702,7,1,2007.1
705,7,1,2007.1
708,7,1,2007.1
711,7,0,2007.1
714,7,1,2008.2
717,7,1,2007.1
720,7,0,2007.1
723,7,0,2007.1
726,7,0,2007.1
729,7,0,2007.1
732,7,1,2013.1
735,7,0,2013.1
738,7,2,2006.2
741,7,1,2013.2
744,7,2,2013.1
747,7,0,2012.2
750,7,1,2012.2
753,7,0,2012.2
756,7,1,2012.2
759,7,0,2012.2
762,7,1,2012.2
765,7,0,2010.1
768,7,0,2010.2
771,7,0,2010.2
774,7,1,2010.2
777,7,0,2010.2
780,7,0,2010.2
783,7,0,2010.2
786,7,0,2010.2
789,7,0,2010.2
792,7,0,2010.2
795,7,0,2010.2
798,7,0,2010.2
801,7,0,2010.2
804,7,0,2006.2
807,7,1,2006.2
810,7,0,2006.2
813,7,2,2006.2
816,7,0,2006.2
819,7,0,2006.2
822,7,0,2006.2
825,7,0,2006.2
828,7,0,2006.2
831,7,1,2006.2
834,7,0,2006.2
837,7,1,2006.2
840,7,0,2015.1
843,7,0,2014.1
846,7,2,2014.1
849,7,0,2014.1
852,7,2,2014.1
855,7,0,2015.1
858,7,2,2007.2
861,7,0,2011.2
864,7,0,2011.2
867,7,1,2011.2
870,7,1,2011.2
873,7,0,2011.2
876,7,1,2014.2
879,7,0,2010.1
882,7,0,2010.1
885,7,0,2010.1
888,7,1,2009.2
891,7,2,2009.2
894,7,0,2009.2
897,7,0,2009.2
900,7,0,2009.2
903,7,0,2009.2
906,7,0,2009.2
909,7,0,2009.2
912,7,0,2009.2
915,7,0,2009.2
918,7,0,2009.2
921,7,2,2009.2
924,7,1,2009.2
927,7,0,2009.2
930,7,0,2009.2
933,7,0,2009.2
936,7,0,2009.2
939,7,0,2009.2
942,7,0,2005.2
945,7,0,2005.2
948,7,0,2005.2
951,7,0,2005.2
954,7,1,2005.2
957,7,3,2005.2
960,7,0,2005.2
963,7,2,2005.2
966,7,0,2005.2
969,7,0,2005.2
972,7,0,2005.2
975,7,0,2005.2
978,7,0,2005.2
981,7,0,2008.1
984,7,1,2008.1
987,7,0,2008.1
990,7,0,2008.1
993,7,0,2008.1
996,7,0,2008.1
999,7,0,2008.1
1002,7,1,2010.2
1005,7,1,2008.1
1008,7,0,2008.1
1011,7,1,2008.1
1014,7,0,2008.1
1017,7,0,2008.1
1020,7,0,2008.1
1023,7,0,2008.1
1026,7,0,2008.1
1029,7,2,2014.1
1032,7,0,2008.1
1035,7,1,2011.1
1038,7,1,2011.1
1041,7,1,2011.1
1044,7,0,2009.1
1047,7,0,2009.1
1050,7,0,2009.1
1053,7,0,2009.1
1056,7,0,2009.1
1059,7,0,2009.1
1062,7,0,2009.1
1065,7,0,2009.1
1068,7,0,2009.1
1071,7,0,2009.1
1074,7,0,2009.1
1077,7,1,2009.2
1080,7,0,2009.1
1083,7,0,2009.1
1086,7,0,2009.1
1089,7,0,2009.1
1092,7,0,2009.1
1095,7,0,2009.1
1098,7,0,2009.1
1101,7,0,2009.1
1104,7,0,2009.1
1107,7,0,2009.1
1110,7,0,2009.1
1113,7,1,2014.2
1116,7,1,2011.2
1119,7,0,2012.1
1122,7,0,2011.2
1125,7,0,2011.2
3,8,0,2015.2
6,8,1,2006.2
9,8,0,2006.2
12,8,0,2006.2
15,8,1,2006.2
18,8,0,2006.2
21,8,0,2006.2
24,8,0,2006.2
27,8,1,2006.2
30,8,0,2006.2
33,8,1,2007.2
36,8,0,2006.2
39,8,0,2006.2
42,8,0,2006.2
45,8,1,2006.2
48,8,0,2006.2
51,8,0,2006.2
54,8,0,2006.2
57,8,1,2008.1
60,8,0,2006.2
63,8,0,2006.2
66,8,0,2006.2
69,8,0,2006.2
72,8,0,2006.2
75,8,0,2006.2
78,8,0,2006.2
81,8,0,2013.1
84,8,0,2013.1
87,8,0,2008.2
90,8,0,2009.1
93,8,0,2008.2
96,8,0,2008.2
99,8,0,2008.2
102,8,0,2008.2
105,8,0,2008.2
108,8,1,2011.2
111,8,0,2011.2
114,8,0,2011.2
117,8,0,2011.2
120,8,1,2011.2
123,8,1,2012.1
126,8,0,2011.2
129,8,1,2011.2
132,8,0,2011.2
135,8,1,2011.2
138,8,1,2011.2
141,8,0,2011.2
144,8,0,2011.2
147,8,0,2011.2
150,8,0,2011.2
153,8,1,2011.2
156,8,0,2011.2
159,8,1,2011.2
162,8,0,2011.2
165,8,0,2011.2
168,8,1,2011.2
171,8,1,2012.2
174,8,0,2011.2
177,8,1,2011.2
180,8,0,2005.2
183,8,0,2005.2
186,8,1,2005.2
189,8,1,2005.2
192,8,1,2005.2
195,8,0,2005.2
198,8,0,2005.2
201,8,0,2005.2
204,8,0,2005.2
207,8,1,2005.2
210,8,1,2005.2
213,8,0,2005.2
216,8,1,2005.2
219,8,1,2005.2
222,8,1,2005.2
225,8,0,2005.2
228,8,0,2012.2
231,8,0,2012.2
234,8,0,2009.1
237,8,0,2009.2
240,8,0,2009.2
243,8,0,2016.1
246,8,0,2015.1
249,8,0,2015.1
252,8,1,2012.1
255,8,0,2012.1
258,8,1,2012.1
261,8,0,2012.1
264,8,0,2012.1
267,8,0,2012.1
270,8,0,2012.1
273,8,0,2013.2
276,8,1,2015.1
279,8,0,2013.2
282,8,0,2013.2
285,8,0,2014.1
288,8,1,2014.2
291,8,0,2013.2
294,8,1,2013.2
297,8,0,2013.2
300,8,0,2016.2
303,8,1,2014.1
306,8,0,2014.1
309,8,0,2012.2
312,8,0,2012.2
315,8,0,2012.2
318,8,0,2012.2
321,8,0,2012.2
324,8,0,2012.2
327,8,0,2012.2
330,8,0,2012.2
333,8,0,2016.1
336,8,0,2015.1
339,8,1,2015.1
342,8,1,2014.2
345,8,0,2013.2
348,8,0,2013.2
351,8,0,2013.2
354,8,1,2013.2
357,8,0,2013.2
360,8,0,2013.2
363,8,0,2014.2
366,8,0,2015.1
369,8,0,2013.2
372,8,0,2015.2
375,8,0,2013.1
378,8,0,2013.1
381,8,0,2011.1
384,8,0,2011.1
387,8,0,2007.1
390,8,0,2007.1
393,8,0,2007.1
396,8,0,2010.1
399,8,0,2010.1
402,8,1,2010.1
405,8,1,2008.1
408,8,0,2008.1
411,8,0,2008.1
414,8,1,2008.1
417,8,0,2008.1
420,8,0,2008.1
423,8,1,2008.1
426,8,0,2008.1
429,8,0,2008.1
432,8,0,2008.1
435,8,0,2008.1
438,8,1,2008.1
441,8,0,2008.1
444,8,0,2008.1
447,8,0,2008.1
450,8,0,2008.1
453,8,1,2008.1
456,8,0,2012.2
459,8,1,2013.1
462,8,0,2012.2
465,8,0,2012.2
468,8,0,2012.2
471,8,0,2012.2
474,8,0,2012.2
477,8,0,2012.2
480,8,0,2012.2
483,8,0,2014.1
486,8,0,2012.2
489,8,0,2012.2
492,8,0,2014.1
495,8,0,2014.1
498,8,0,2014.1
501,8,0,2014.1
504,8,0,2012.2
507,8,0,2012.2
510,8,0,2013.1
513,8,0,2010.2
516,8,0,2009.1
519,8,0,2009.1
522,8,0,2009.1
525,8,1,2009.1
528,8,0,2009.1
531,8,0,2009.1
534,8,0,2009.2
537,8,1,2009.1
540,8,0,2009.1
543,8,0,2009.1
546,8,0,2009.1
549,8,1,2009.1
552,8,0,2009.1
555,8,0,2009.1
558,8,0,2016.1
561,8,0,2016.1
564,8,0,2015.2
567,8,0,2015.2
570,8,0,2015.2
573,8,0,2015.2
576,8,0,2015.2
579,8,0,2006.2
582,8,0,2013.2
585,8,0,2013.2
588,8,0,2012.2
591,8,0,2012.2
594,8,0,2012.2
597,8,0,2010.2
600,8,0,2010.2
603,8,0,2010.2
606,8,0,2010.2
609,8,1,2010.2
612,8,1,2011.1
615,8,0,2010.2
618,8,0,2010.2
621,8,1,2010.2
624,8,0,2010.2
627,8,0,2010.2
630,8,0,2010.2
633,8,0,2010.2
636,8,0,2006.1
639,8,0,2006.1
642,8,0,2010.2
645,8,0,2010.1
648,8,0,2010.1
651,8,0,2010.1
654,8,0,2014.2
657,8,0,2014.2
660,8,0,2014.1
663,8,0,2014.1
666,8,0,2007.2
669,8,0,2007.2
672,8,1,2007.2
675,8,1,2007.2
678,8,0,2007.2
681,8,0,2007.2
684,8,0,2007.2
687,8,0,2007.2
690,8,0,2007.2
693,8,0,2007.2
696,8,1,2007.2
699,8,0,2007.2
702,8,0,2007.2
705,8,0,2007.2
708,8,1,2007.2
711,8,0,2007.2
714,8,1,2009.1
717,8,1,2007.2
720,8,0,2007.2
723,8,0,2007.2
726,8,0,2007.2
729,8,0,2007.2
732,8,0,2013.2
735,8,0,2013.2
738,8,1,2007.1
741,8,0,2014.1
744,8,1,2013.2
747,8,0,2013.1
750,8,1,2013.1
753,8,0,2013.1
756,8,1,2013.1
759,8,0,2013.1
762,8,0,2013.1
765,8,0,2010.2
768,8,0,2011.1
771,8,0,2011.1
774,8,0,2011.1
777,8,0,2011.1
780,8,0,2011.1
783,8,0,2011.1
786,8,0,2011.1
789,8,0,2011.1
792,8,0,2011.1
795,8,0,2011.1
798,8,0,2011.1
801,8,0,2011.1
804,8,0,2007.1
807,8,0,2007.1
810,8,0,2007.1
813,8,0,2007.1
816,8,0,2007.1
819,8,0,2007.1
822,8,0,2007.1
825,8,0,2007.1
828,8,0,2007.1
831,8,0,2007.1
834,8,0,2007.1
837,8,0,2007.1
840,8,0,2015.2
843,8,0,2014.2
846,8,0,2014.2
849,8,0,2014.2
852,8,1,2014.2
855,8,0,2015.2
858,8,0,2008.1
861,8,0,2012.1
864,8,0,2012.1
867,8,0,2012.1
870,8,0,2012.1
873,8,0,2012.1
876,8,1,2015.1
879,8,0,2010.2
882,8,0,2010.2
885,8,0,2010.2
888,8,0,2010.1
891,8,1,2010.1
894,8,0,2010.1
897,8,0,2010.1
900,8,0,2010.1
903,8,0,2010.1
906,8,0,2010.1
909,8,0,2010.1
912,8,0,2010.1
915,8,0,2010.1
918,8,0,2010.1
921,8,1,2010.1
924,8,0,2010.1
927,8,0,2010.1
930,8,0,2010.1
933,8,0,2010.1
936,8,0,2010.1
939,8,0,2010.1
942,8,0,2006.1
945,8,0,2006.1
948,8,0,2006.1
951,8,0,2006.1
954,8,0,2006.1
957,8,1,2006.1
960,8,0,2006.1
963,8,0,2006.1
966,8,0,2006.1
969,8,0,2006.1
972,8,0,2006.1
975,8,0,2006.1
978,8,0,2006.1
981,8,0,2008.2
984,8,1,2008.2
987,8,0,2008.2
990,8,0,2008.2
993,8,0,2008.2
996,8,0,2008.2
999,8,0,2008.2
1002,8,0,2011.1
1005,8,0,2008.2
1008,8,0,2008.2
1011,8,1,2008.2
1014,8,0,2008.2
1017,8,0,2008.2
1020,8,0,2008.2
1023,8,0,2008.2
1026,8,0,2008.2
1029,8,1,2014.2
1032,8,0,2008.2
1035,8,1,2011.2
1038,8,1,2011.2
1041,8,1,2011.2
1044,8,0,2009.2
1047,8,0,2009.2
1050,8,0,2009.2
1053,8,0,2009.2
1056,8,0,2009.2
1059,8,0,2009.2
1062,8,0,2009.2
1065,8,0,2009.2
1068,8,0,2009.2
1071,8,0,2009.2
1074,8,0,2009.2
1077,8,1,2010.1
1080,8,0,2009.2
1083,8,0,2009.2
1086,8,0,2009.2
1089,8,0,2009.2
1092,8,0,2009.2
1095,8,0,2009.2
1098,8,0,2009.2
1101,8,0,2009.2
1104,8,0,2009.2
1107,8,0,2009.2
1110,8,0,2009.2
1113,8,1,2015.1
1116,8,0,2012.1
1119,8,0,2012.2
1122,8,0,2012.1
1125,8,0,2012.1
