"mat","periodo","freq"
"46876753","1",0
"99343432","1",6
"99343433","1",1
"103343436","1",6
"104343425","1",6
"104343426","1",4
"104343427","1",0
"104343429","1",6
"104343430","1",4
"104343431","1",6
"104343438","1",6
"105343538","1",6
"105343539","1",6
"105343544","1",5
"105343545","1",6
"105343546","1",6
"105343548","1",6
"105343549","1",6
"105343551","1",6
"106343541","1",6
"106343545","1",6
"106343546","1",6
"106343547","1",6
"106343548","1",5
"106343549","1",4
"106343551","1",6
"200645921","1",6
"200645922","1",6
"297835329","1",6
"297835330","1",6
"297835332","1",6
"297835333","1",6
"297835335","1",6
"297835336","1",6
"297835337","1",6
"310621860","1",0
"310621861","1",6
"310621864","1",6
"310621867","1",6
"310621869","1",6
"310621870","1",6
"311621863","1",6
"311621865","1",6
"311621866","1",6
"311621867","1",6
"311621868","1",6
"311621869","1",6
"311621871","1",6
"312621857","1",6
"312621858","1",6
"312621862","1",6
"312621863","1",6
"313621856","1",6
"313621857","1",6
"313621860","1",3
"313621861","1",6
"313621863","1",6
"313621868","1",6
"376934460","1",6
"397706291","1",6
"398706288","1",6
"398706289","1",6
"398706291","1",6
"398706293","1",6
"398706295","1",6
"398706298","1",6
"398706299","1",6
"399706292","1",6
"399706294","1",6
"399706302","1",6
"399706303","1",6
"400706273","1",6
"400706281","1",6
"400706282","1",6
"400706284","1",6
"483802998","1",6
"483803003","1",6
"551897107","1",6
"578207600","1",6
"578207601","1",6
"587661788","1",0
"607278046","1",0
"608278032","1",0
"701403945","1",5
"701403947","1",6
"701403949","1",5
"701403951","1",6
"702403947","1",6
"709403923","1",6
"709403925","1",6
"735017889","1",0
"735017891","1",6
"735017893","1",6
"735017894","1",1
"735017895","1",6
"736017889","1",6
"736017891","1",6
"736017895","1",6
"736017903","1",0
"776256715","1",2
"914025797","1",6
"1268289547","1",6
"1269495443","1",0
"1269495444","1",6
"1269495448","1",6
"1269495449","1",4
"1270495442","1",6
"1270495450","1",3
"1272495432","1",6
"1272495434","1",6
"1307041769","1",0
"1328658017","1",0
"1328658022","1",0
"1450397880","1",6
"1451397886","1",6
"1462397848","1",0
"1462397850","1",6
"1463397846","1",6
"1463397853","1",4
"1464397850","1",0
"1465397840","1",6
"1465397842","1",6
"1465397852","1",6
"1539215531","1",0
"1637405762","1",6
"1642405874","1",6
"1669020028","1",6
"1669020030","1",6
"1716989860","1",6
"1716989867","1",3
"1717989860","1",6
"1752456034","1",6
"1752456035","1",6
"1752456039","1",5
"1864571313","1",6
"1864571315","1",6
"1864571316","1",5
"1864571318","1",6
"1865571312","1",6
"1865571313","1",6
"1865571314","1",6
"1865571315","1",6
"1866571312","1",6
"1866571313","1",6
"1866571314","1",6
"1866571315","1",6
"1866571316","1",6
"1866571326","1",6
"1866571327","1",6
"1867571304","1",6
"1867571310","1",2
"1985875425","1",6
"1985875434","1",6
"1985875436","1",3
"1985875439","1",6
"1986875433","1",6
"1986875434","1",6
"1986875436","1",0
"1986875438","1",6
"1986875439","1",4
"1988669523","1",6
"1988875428","1",5
"1989875436","1",6
"1997669620","1",6
"1997669624","1",6
"1997669631","1",6
"1998669622","1",6
"1999875398","1",6
"1999875399","1",6
"2000875398","1",4
"2021657105","1",6
"2023657106","1",4
"2023657108","1",0
"2023657110","1",6
"2023657111","1",6
"2024657088","1",6
"2024657089","1",6
"2024657102","1",6
"2024657103","1",4
"2025657093","1",6
"2025657099","1",6
"2026657096","1",6
"2026657099","1",6
"2026657101","1",6
"2026657102","1",1
"2085109547","1",0
"2088109536","1",0
"2152328891","1",0
"2152328893","1",0
"2157328877","1",0
"2161328864","1",0
"2161328871","1",0
"2225170822","1",6
"2246090305","1",6
"2246090317","1",0
"2261155934","1",6
"2262155922","1",6
"2263155934","1",6
"2368220984","1",6
"2368220986","1",6
"2368220988","1",6
"2369220984","1",6
"2369220988","1",6
"2369220989","1",6
"2369220990","1",6
"2370220983","1",5
"2370220986","1",6
"2370220990","1",6
"2371220976","1",6
"2371220977","1",6
"2371220981","1",6
"2413276682","1",6
"2415276684","1",6
"2431908768","1",6
"2464835910","1",6
"2464835911","1",6
"2464835913","1",6
"2487054600","1",0
"2488054597","1",3
"2719049478","1",6
"2720049487","1",6
"2835012944","1",6
"2835012945","1",6
"2835012952","1",6
"2835012955","1",4
"2835012957","1",6
"2835012958","1",6
"2835012959","1",6
"2836012946","1",6
"2836012952","1",6
"2836012953","1",6
"2836012959","1",6
"2837012955","1",6
"2837012957","1",0
"2837012958","1",6
"2837012959","1",6
"2838012944","1",6
"2838012946","1",5
"2838012947","1",6
"2838012949","1",6
"2838012951","1",6
"2838012952","1",6
"2838012953","1",6
"2970470285","1",6
"2971470279","1",5
"3021863366","1",6
"3042853288","1",6
"3042853293","1",6
"3043853284","1",6
"3043853294","1",0
"3045853283","1",6
"3045853285","1",6
"3045853287","1",6
"3046853293","1",6
"3050288417","1",6
"3106779865","1",6
"3106779867","1",5
"3108779864","1",6
"3108779865","1",6
"3108779866","1",6
"3108779868","1",6
"3108779869","1",6
"3108779870","1",6
"3108779871","1",6
"3109779857","1",4
"3109779860","1",6
"3109779863","1",6
"3155749696","1",6
"3155749697","1",6
"3155749701","1",6
"3156749696","1",6
"3156749697","1",6
"3156749710","1",6
"3156749711","1",6
"3157749810","1",6
"3157749818","1",6
"3157749820","1",6
"3158749817","1",6
"3158749818","1",6
"3166746850","1",0
"3167746852","1",0
"3167746863","1",5
"3168746853","1",0
"3168746855","1",3
"3168746856","1",0
"3310331139","1",6
"3551611303","1",6
"3552611302","1",6
"3552611311","1",5
"3553611288","1",6
"3553611295","1",6
"3564485700","1",0
"3780668368","1",6
"3780668370","1",6
"3780668371","1",4
"3844283385","1",6
"3844283390","1",6
"3844283391","1",4
"3845283384","1",6
"3845283386","1",6
"3845283387","1",6
"3845283388","1",6
"3845283389","1",6
"3845283391","1",6
"3846283383","1",6
"3846283384","1",4
"3846283386","1",6
"3846283389","1",5
"3846283390","1",6
"3847283382","1",3
"3847283383","1",4
"3847283384","1",0
"3847283385","1",6
"3857036627","1",6
"3857036628","1",6
"3857036630","1",6
"3857036631","1",6
"3857036632","1",6
"3857036633","1",4
"3858036628","1",6
"3858036630","1",6
"3858036635","1",6
"3859036628","1",6
"3859036629","1",6
"3860036619","1",6
"3860036621","1",6
"3877422756","1",6
"3877422760","1",6
"3877422762","1",6
"3877422763","1",6
"3877422764","1",6
"3878422758","1",6
"3878422760","1",6
"3878422761","1",6
"3878422762","1",4
"3878422763","1",5
"3878422764","1",6
"3878422765","1",6
"3880422752","1",6
"3880422756","1",6
"3880422757","1",6
"3880422758","1",6
"3900126813","1",0
"3946735344","1",6
"3950521777","1",6
"3950521778","1",5
"3950521779","1",6
"4050482296","1",6
"4050482300","1",6
"4050482301","1",6
"4055482288","1",6
"4055482289","1",6
"4055482291","1",6
"4055482292","1",6
"4055482295","1",6
"4055482302","1",6
"4055482303","1",6
"4056482275","1",6
"4056482280","1",6
"4056482281","1",6
"4056482282","1",6
"4056482285","1",0
"4056482286","1",4
"4057482276","1",6
"4057482280","1",0
"4057482282","1",6
"4057482283","1",6
"4057482284","1",0
"4057482286","1",6
"4057482287","1",6
"4221177910","1",0
"4271991277","1",3
"4273991277","1",3
"4277991258","1",6
"4277991263","1",6
"46876753","2",0
"99343432","2",6
"99343433","2",0
"103343436","2",6
"104343425","2",6
"104343426","2",4
"104343427","2",0
"104343429","2",6
"104343430","2",5
"104343431","2",6
"104343438","2",6
"105343538","2",5
"105343539","2",6
"105343544","2",6
"105343545","2",6
"105343546","2",5
"105343548","2",6
"105343549","2",6
"105343551","2",6
"106343541","2",5
"106343545","2",6
"106343546","2",5
"106343547","2",6
"106343548","2",6
"106343549","2",2
"106343551","2",6
"200645921","2",4
"200645922","2",6
"297835329","2",6
"297835330","2",5
"297835332","2",6
"297835333","2",6
"297835335","2",5
"297835336","2",6
"297835337","2",6
"310621860","2",1
"310621861","2",7
"310621864","2",7
"310621867","2",6
"310621869","2",7
"310621870","2",7
"311621863","2",7
"311621865","2",7
"311621866","2",7
"311621867","2",7
"311621868","2",7
"311621869","2",7
"311621871","2",7
"312621857","2",7
"312621858","2",7
"312621862","2",7
"312621863","2",7
"313621856","2",7
"313621857","2",5
"313621860","2",4
"313621861","2",7
"313621863","2",7
"313621868","2",7
"376934460","2",7
"397706291","2",6
"398706288","2",6
"398706289","2",6
"398706291","2",6
"398706293","2",6
"398706295","2",6
"398706298","2",6
"398706299","2",6
"399706292","2",6
"399706294","2",6
"399706302","2",6
"399706303","2",6
"400706273","2",6
"400706281","2",6
"400706282","2",6
"400706284","2",5
"483802998","2",4
"483803003","2",4
"551897107","2",6
"578207600","2",6
"578207601","2",1
"587661788","2",0
"607278046","2",1
"608278032","2",1
"701403945","2",4
"701403947","2",7
"701403949","2",4
"701403951","2",7
"702403947","2",4
"709403923","2",7
"709403925","2",6
"735017889","2",0
"735017891","2",6
"735017893","2",6
"735017894","2",2
"735017895","2",6
"736017889","2",6
"736017891","2",6
"736017895","2",6
"736017903","2",0
"776256715","2",3
"914025797","2",6
"1268289547","2",6
"1269495443","2",0
"1269495444","2",6
"1269495448","2",6
"1269495449","2",4
"1270495442","2",6
"1270495450","2",4
"1272495432","2",6
"1272495434","2",6
"1307041769","2",1
"1328658017","2",0
"1328658022","2",1
"1450397880","2",6
"1451397886","2",6
"1462397848","2",0
"1462397850","2",2
"1463397846","2",6
"1463397853","2",5
"1464397850","2",0
"1465397840","2",6
"1465397842","2",6
"1465397852","2",6
"1539215531","2",0
"1637405762","2",4
"1642405874","2",0
"1669020028","2",5
"1669020030","2",6
"1716989860","2",5
"1716989867","2",6
"1717989860","2",1
"1752456034","2",2
"1752456035","2",6
"1752456039","2",5
"1864571313","2",2
"1864571315","2",5
"1864571316","2",1
"1864571318","2",6
"1865571312","2",0
"1865571313","2",5
"1865571314","2",5
"1865571315","2",5
"1866571312","2",5
"1866571313","2",5
"1866571314","2",4
"1866571315","2",4
"1866571316","2",5
"1866571326","2",4
"1866571327","2",6
"1867571304","2",0
"1867571310","2",3
"1985875425","2",6
"1985875434","2",4
"1985875436","2",6
"1985875439","2",6
"1986875433","2",6
"1986875434","2",4
"1986875436","2",0
"1986875438","2",4
"1986875439","2",4
"1988669523","2",6
"1988875428","2",3
"1989875436","2",4
"1997669620","2",6
"1997669624","2",6
"1997669631","2",6
"1998669622","2",6
"1999875398","2",6
"1999875399","2",6
"2000875398","2",5
"2021657105","2",3
"2023657106","2",5
"2023657108","2",2
"2023657110","2",4
"2023657111","2",6
"2024657088","2",2
"2024657089","2",6
"2024657102","2",4
"2024657103","2",4
"2025657093","2",6
"2025657099","2",5
"2026657096","2",6
"2026657099","2",6
"2026657101","2",5
"2026657102","2",2
"2085109547","2",1
"2088109536","2",0
"2152328891","2",1
"2152328893","2",1
"2157328877","2",0
"2161328864","2",1
"2161328871","2",0
"2225170822","2",6
"2246090305","2",2
"2246090317","2",1
"2261155934","2",1
"2262155922","2",4
"2263155934","2",4
"2368220984","2",6
"2368220986","2",6
"2368220988","2",6
"2369220984","2",6
"2369220988","2",5
"2369220989","2",6
"2369220990","2",6
"2370220983","2",5
"2370220986","2",6
"2370220990","2",6
"2371220976","2",6
"2371220977","2",6
"2371220981","2",6
"2413276682","2",0
"2415276684","2",6
"2431908768","2",5
"2464835910","2",6
"2464835911","2",4
"2464835913","2",6
"2487054600","2",0
"2488054597","2",5
"2719049478","2",6
"2720049487","2",6
"2835012944","2",5
"2835012945","2",4
"2835012952","2",4
"2835012955","2",4
"2835012957","2",6
"2835012958","2",6
"2835012959","2",2
"2836012946","2",6
"2836012952","2",5
"2836012953","2",5
"2836012959","2",5
"2837012955","2",5
"2837012957","2",0
"2837012958","2",5
"2837012959","2",6
"2838012944","2",6
"2838012946","2",6
"2838012947","2",5
"2838012949","2",6
"2838012951","2",5
"2838012952","2",5
"2838012953","2",5
"2970470285","2",6
"2971470279","2",5
"3021863366","2",6
"3042853288","2",4
"3042853293","2",6
"3043853284","2",6
"3043853294","2",0
"3045853283","2",6
"3045853285","2",3
"3045853287","2",6
"3046853293","2",6
"3050288417","2",6
"3106779865","2",5
"3106779867","2",6
"3108779864","2",6
"3108779865","2",6
"3108779866","2",6
"3108779868","2",5
"3108779869","2",6
"3108779870","2",3
"3108779871","2",6
"3109779857","2",6
"3109779860","2",3
"3109779863","2",6
"3155749696","2",4
"3155749697","2",5
"3155749701","2",5
"3156749696","2",5
"3156749697","2",5
"3156749710","2",4
"3156749711","2",5
"3157749810","2",2
"3157749818","2",3
"3157749820","2",5
"3158749817","2",4
"3158749818","2",5
"3166746850","2",0
"3167746852","2",0
"3167746863","2",6
"3168746853","2",0
"3168746855","2",6
"3168746856","2",0
"3310331139","2",6
"3551611303","2",7
"3552611302","2",7
"3552611311","2",7
"3553611288","2",7
"3553611295","2",7
"3564485700","2",0
"3780668368","2",5
"3780668370","2",5
"3780668371","2",6
"3844283385","2",5
"3844283390","2",6
"3844283391","2",2
"3845283384","2",6
"3845283386","2",5
"3845283387","2",6
"3845283388","2",6
"3845283389","2",6
"3845283391","2",2
"3846283383","2",5
"3846283384","2",0
"3846283386","2",6
"3846283389","2",4
"3846283390","2",5
"3847283382","2",4
"3847283383","2",3
"3847283384","2",0
"3847283385","2",6
"3857036627","2",2
"3857036628","2",6
"3857036630","2",0
"3857036631","2",6
"3857036632","2",5
"3857036633","2",5
"3858036628","2",5
"3858036630","2",6
"3858036635","2",3
"3859036628","2",2
"3859036629","2",6
"3860036619","2",0
"3860036621","2",1
"3877422756","2",6
"3877422760","2",6
"3877422762","2",6
"3877422763","2",2
"3877422764","2",6
"3878422758","2",6
"3878422760","2",6
"3878422761","2",5
"3878422762","2",4
"3878422763","2",5
"3878422764","2",5
"3878422765","2",6
"3880422752","2",6
"3880422756","2",6
"3880422757","2",5
"3880422758","2",6
"3900126813","2",0
"3946735344","2",2
"3950521777","2",7
"3950521778","2",6
"3950521779","2",7
"4050482296","2",6
"4050482300","2",6
"4050482301","2",6
"4055482288","2",6
"4055482289","2",6
"4055482291","2",5
"4055482292","2",5
"4055482295","2",6
"4055482302","2",6
"4055482303","2",5
"4056482275","2",6
"4056482280","2",6
"4056482281","2",5
"4056482282","2",6
"4056482285","2",0
"4056482286","2",2
"4057482276","2",5
"4057482280","2",0
"4057482282","2",6
"4057482283","2",6
"4057482284","2",0
"4057482286","2",5
"4057482287","2",6
"4221177910","2",0
"4271991277","2",6
"4273991277","2",3
"4277991258","2",3
"4277991263","2",3
"46876753","3",1
"99343432","3",6
"99343433","3",0
"103343436","3",6
"104343425","3",7
"104343426","3",4
"104343427","3",0
"104343429","3",5
"104343430","3",4
"104343431","3",7
"104343438","3",5
"105343538","3",4
"105343539","3",7
"105343544","3",6
"105343545","3",6
"105343546","3",4
"105343548","3",6
"105343549","3",6
"105343551","3",5
"106343541","3",0
"106343545","3",6
"106343546","3",4
"106343547","3",6
"106343548","3",6
"106343549","3",0
"106343551","3",6
"200645921","3",3
"200645922","3",6
"297835329","3",6
"297835330","3",4
"297835332","3",6
"297835333","3",6
"297835335","3",5
"297835336","3",6
"297835337","3",6
"310621860","3",2
"310621861","3",7
"310621864","3",6
"310621867","3",4
"310621869","3",7
"310621870","3",4
"311621863","3",6
"311621865","3",6
"311621866","3",7
"311621867","3",6
"311621868","3",7
"311621869","3",6
"311621871","3",6
"312621857","3",6
"312621858","3",6
"312621862","3",6
"312621863","3",7
"313621856","3",7
"313621857","3",4
"313621860","3",4
"313621861","3",7
"313621863","3",6
"313621868","3",6
"376934460","3",6
"397706291","3",6
"398706288","3",6
"398706289","3",6
"398706291","3",6
"398706293","3",6
"398706295","3",6
"398706298","3",4
"398706299","3",6
"399706292","3",6
"399706294","3",6
"399706302","3",6
"399706303","3",6
"400706273","3",6
"400706281","3",6
"400706282","3",6
"400706284","3",5
"483802998","3",4
"483803003","3",4
"551897107","3",3
"578207600","3",5
"578207601","3",0
"587661788","3",1
"607278046","3",2
"608278032","3",0
"701403945","3",4
"701403947","3",6
"701403949","3",4
"701403951","3",7
"702403947","3",4
"709403923","3",7
"709403925","3",7
"735017889","3",0
"735017891","3",7
"735017893","3",7
"735017894","3",2
"735017895","3",5
"736017889","3",6
"736017891","3",7
"736017895","3",7
"736017903","3",0
"776256715","3",3
"914025797","3",7
"1268289547","3",5
"1269495443","3",0
"1269495444","3",4
"1269495448","3",6
"1269495449","3",3
"1270495442","3",7
"1270495450","3",3
"1272495432","3",6
"1272495434","3",7
"1307041769","3",0
"1328658017","3",0
"1328658022","3",2
"1450397880","3",7
"1451397886","3",7
"1462397848","3",1
"1462397850","3",1
"1463397846","3",7
"1463397853","3",2
"1464397850","3",0
"1465397840","3",5
"1465397842","3",7
"1465397852","3",5
"1539215531","3",2
"1637405762","3",1
"1642405874","3",0
"1669020028","3",3
"1669020030","3",5
"1716989860","3",5
"1716989867","3",3
"1717989860","3",0
"1752456034","3",0
"1752456035","3",6
"1752456039","3",6
"1864571313","3",2
"1864571315","3",4
"1864571316","3",0
"1864571318","3",4
"1865571312","3",1
"1865571313","3",4
"1865571314","3",4
"1865571315","3",5
"1866571312","3",5
"1866571313","3",4
"1866571314","3",3
"1866571315","3",4
"1866571316","3",5
"1866571326","3",4
"1866571327","3",5
"1867571304","3",0
"1867571310","3",3
"1985875425","3",6
"1985875434","3",4
"1985875436","3",3
"1985875439","3",2
"1986875433","3",6
"1986875434","3",4
"1986875436","3",3
"1986875438","3",4
"1986875439","3",5
"1988669523","3",5
"1988875428","3",6
"1989875436","3",6
"1997669620","3",6
"1997669624","3",7
"1997669631","3",4
"1998669622","3",5
"1999875398","3",7
"1999875399","3",7
"2000875398","3",6
"2021657105","3",1
"2023657106","3",6
"2023657108","3",2
"2023657110","3",3
"2023657111","3",6
"2024657088","3",1
"2024657089","3",5
"2024657102","3",3
"2024657103","3",5
"2025657093","3",5
"2025657099","3",4
"2026657096","3",6
"2026657099","3",5
"2026657101","3",3
"2026657102","3",2
"2085109547","3",0
"2088109536","3",1
"2152328891","3",0
"2152328893","3",0
"2157328877","3",1
"2161328864","3",0
"2161328871","3",0
"2225170822","3",6
"2246090305","3",5
"2246090317","3",0
"2261155934","3",0
"2262155922","3",3
"2263155934","3",3
"2368220984","3",5
"2368220986","3",7
"2368220988","3",6
"2369220984","3",5
"2369220988","3",4
"2369220989","3",4
"2369220990","3",5
"2370220983","3",5
"2370220986","3",5
"2370220990","3",5
"2371220976","3",6
"2371220977","3",6
"2371220981","3",5
"2413276682","3",0
"2415276684","3",4
"2431908768","3",4
"2464835910","3",2
"2464835911","3",4
"2464835913","3",2
"2487054600","3",0
"2488054597","3",4
"2719049478","3",4
"2720049487","3",5
"2835012944","3",5
"2835012945","3",2
"2835012952","3",4
"2835012955","3",4
"2835012957","3",6
"2835012958","3",4
"2835012959","3",0
"2836012946","3",6
"2836012952","3",5
"2836012953","3",3
"2836012959","3",5
"2837012955","3",5
"2837012957","3",2
"2837012958","3",4
"2837012959","3",1
"2838012944","3",4
"2838012946","3",6
"2838012947","3",5
"2838012949","3",4
"2838012951","3",5
"2838012952","3",1
"2838012953","3",4
"2970470285","3",7
"2971470279","3",5
"3021863366","3",7
"3042853288","3",3
"3042853293","3",5
"3043853284","3",4
"3043853294","3",1
"3045853283","3",4
"3045853285","3",3
"3045853287","3",6
"3046853293","3",6
"3050288417","3",4
"3106779865","3",7
"3106779867","3",5
"3108779864","3",6
"3108779865","3",4
"3108779866","3",6
"3108779868","3",4
"3108779869","3",2
"3108779870","3",3
"3108779871","3",2
"3109779857","3",7
"3109779860","3",0
"3109779863","3",6
"3155749696","3",4
"3155749697","3",4
"3155749701","3",2
"3156749696","3",4
"3156749697","3",4
"3156749710","3",4
"3156749711","3",5
"3157749810","3",2
"3157749818","3",3
"3157749820","3",4
"3158749817","3",4
"3158749818","3",4
"3166746850","3",2
"3167746852","3",0
"3167746863","3",7
"3168746853","3",0
"3168746855","3",7
"3168746856","3",0
"3310331139","3",5
"3551611303","3",6
"3552611302","3",6
"3552611311","3",6
"3553611288","3",7
"3553611295","3",5
"3564485700","3",1
"3780668368","3",4
"3780668370","3",3
"3780668371","3",5
"3844283385","3",6
"3844283390","3",6
"3844283391","3",0
"3845283384","3",2
"3845283386","3",5
"3845283387","3",4
"3845283388","3",2
"3845283389","3",4
"3845283391","3",0
"3846283383","3",2
"3846283384","3",2
"3846283386","3",6
"3846283389","3",4
"3846283390","3",4
"3847283382","3",0
"3847283383","3",4
"3847283384","3",1
"3847283385","3",6
"3857036627","3",0
"3857036628","3",6
"3857036630","3",0
"3857036631","3",5
"3857036632","3",0
"3857036633","3",6
"3858036628","3",1
"3858036630","3",4
"3858036635","3",0
"3859036628","3",1
"3859036629","3",6
"3860036619","3",0
"3860036621","3",0
"3877422756","3",6
"3877422760","3",6
"3877422762","3",5
"3877422763","3",1
"3877422764","3",6
"3878422758","3",6
"3878422760","3",6
"3878422761","3",4
"3878422762","3",3
"3878422763","3",5
"3878422764","3",5
"3878422765","3",6
"3880422752","3",6
"3880422756","3",6
"3880422757","3",5
"3880422758","3",6
"3900126813","3",0
"3946735344","3",1
"3950521777","3",7
"3950521778","3",6
"3950521779","3",6
"4050482296","3",6
"4050482300","3",4
"4050482301","3",6
"4055482288","3",5
"4055482289","3",5
"4055482291","3",4
"4055482292","3",4
"4055482295","3",6
"4055482302","3",5
"4055482303","3",4
"4056482275","3",6
"4056482280","3",6
"4056482281","3",5
"4056482282","3",6
"4056482285","3",0
"4056482286","3",2
"4057482276","3",4
"4057482280","3",0
"4057482282","3",6
"4057482283","3",6
"4057482284","3",0
"4057482286","3",4
"4057482287","3",6
"4221177910","3",1
"4271991277","3",7
"4273991277","3",5
"4277991258","3",1
"4277991263","3",1
"46876753","4",2
"99343432","4",3
"99343433","4",0
"103343436","4",5
"104343425","4",6
"104343426","4",5
"104343427","4",1
"104343429","4",4
"104343430","4",5
"104343431","4",6
"104343438","4",3
"105343538","4",3
"105343539","4",6
"105343544","4",7
"105343545","4",7
"105343546","4",3
"105343548","4",6
"105343549","4",5
"105343551","4",4
"106343541","4",0
"106343545","4",1
"106343546","4",3
"106343547","4",6
"106343548","4",6
"106343549","4",0
"106343551","4",7
"200645921","4",1
"200645922","4",5
"297835329","4",5
"297835330","4",2
"297835332","4",6
"297835333","4",5
"297835335","4",4
"297835336","4",6
"297835337","4",6
"310621860","4",0
"310621861","4",6
"310621864","4",4
"310621867","4",1
"310621869","4",6
"310621870","4",3
"311621863","4",5
"311621865","4",5
"311621866","4",6
"311621867","4",4
"311621868","4",6
"311621869","4",3
"311621871","4",4
"312621857","4",4
"312621858","4",3
"312621862","4",5
"312621863","4",6
"313621856","4",7
"313621857","4",2
"313621860","4",5
"313621861","4",6
"313621863","4",4
"313621868","4",4
"376934460","4",5
"397706291","4",6
"398706288","4",6
"398706289","4",4
"398706291","4",7
"398706293","4",7
"398706295","4",7
"398706298","4",1
"398706299","4",5
"399706292","4",5
"399706294","4",7
"399706302","4",5
"399706303","4",7
"400706273","4",6
"400706281","4",7
"400706282","4",7
"400706284","4",6
"483802998","4",3
"483803003","4",3
"551897107","4",1
"578207600","4",5
"578207601","4",0
"587661788","4",2
"607278046","4",4
"608278032","4",0
"701403945","4",5
"701403947","4",4
"701403949","4",4
"701403951","4",5
"702403947","4",2
"709403923","4",6
"709403925","4",7
"735017889","4",0
"735017891","4",6
"735017893","4",7
"735017894","4",4
"735017895","4",3
"736017889","4",5
"736017891","4",5
"736017895","4",6
"736017903","4",0
"776256715","4",1
"914025797","4",7
"1268289547","4",3
"1269495443","4",1
"1269495444","4",3
"1269495448","4",5
"1269495449","4",3
"1270495442","4",6
"1270495450","4",1
"1272495432","4",5
"1272495434","4",6
"1307041769","4",0
"1328658017","4",0
"1328658022","4",2
"1450397880","4",6
"1451397886","4",6
"1462397848","4",4
"1462397850","4",0
"1463397846","4",6
"1463397853","4",1
"1464397850","4",1
"1465397840","4",3
"1465397842","4",6
"1465397852","4",1
"1539215531","4",0
"1637405762","4",0
"1642405874","4",0
"1669020028","4",0
"1669020030","4",4
"1716989860","4",3
"1716989867","4",3
"1717989860","4",0
"1752456034","4",0
"1752456035","4",6
"1752456039","4",4
"1864571313","4",1
"1864571315","4",3
"1864571316","4",0
"1864571318","4",3
"1865571312","4",0
"1865571313","4",2
"1865571314","4",2
"1865571315","4",3
"1866571312","4",4
"1866571313","4",2
"1866571314","4",1
"1866571315","4",2
"1866571316","4",4
"1866571326","4",3
"1866571327","4",5
"1867571304","4",0
"1867571310","4",5
"1985875425","4",5
"1985875434","4",3
"1985875436","4",2
"1985875439","4",0
"1986875433","4",5
"1986875434","4",3
"1986875436","4",5
"1986875438","4",3
"1986875439","4",7
"1988669523","4",3
"1988875428","4",4
"1989875436","4",4
"1997669620","4",4
"1997669624","4",5
"1997669631","4",2
"1998669622","4",3
"1999875398","4",5
"1999875399","4",6
"2000875398","4",7
"2021657105","4",0
"2023657106","4",6
"2023657108","4",3
"2023657110","4",1
"2023657111","4",6
"2024657088","4",0
"2024657089","4",5
"2024657102","4",1
"2024657103","4",6
"2025657093","4",1
"2025657099","4",3
"2026657096","4",5
"2026657099","4",5
"2026657101","4",1
"2026657102","4",2
"2085109547","4",0
"2088109536","4",1
"2152328891","4",0
"2152328893","4",0
"2157328877","4",2
"2161328864","4",0
"2161328871","4",0
"2225170822","4",6
"2246090305","4",1
"2246090317","4",0
"2261155934","4",0
"2262155922","4",1
"2263155934","4",1
"2368220984","4",3
"2368220986","4",7
"2368220988","4",3
"2369220984","4",3
"2369220988","4",3
"2369220989","4",3
"2369220990","4",3
"2370220983","4",3
"2370220986","4",3
"2370220990","4",3
"2371220976","4",5
"2371220977","4",5
"2371220981","4",3
"2413276682","4",0
"2415276684","4",3
"2431908768","4",3
"2464835910","4",0
"2464835911","4",1
"2464835913","4",0
"2487054600","4",0
"2488054597","4",5
"2719049478","4",3
"2720049487","4",3
"2835012944","4",4
"2835012945","4",0
"2835012952","4",3
"2835012955","4",2
"2835012957","4",3
"2835012958","4",3
"2835012959","4",0
"2836012946","4",6
"2836012952","4",4
"2836012953","4",1
"2836012959","4",4
"2837012955","4",4
"2837012957","4",4
"2837012958","4",3
"2837012959","4",0
"2838012944","4",3
"2838012946","4",6
"2838012947","4",3
"2838012949","4",2
"2838012951","4",4
"2838012952","4",1
"2838012953","4",3
"2970470285","4",6
"2971470279","4",0
"3021863366","4",6
"3042853288","4",1
"3042853293","4",4
"3043853284","4",1
"3043853294","4",2
"3045853283","4",1
"3045853285","4",1
"3045853287","4",5
"3046853293","4",5
"3050288417","4",2
"3106779865","4",0
"3106779867","4",4
"3108779864","4",3
"3108779865","4",2
"3108779866","4",5
"3108779868","4",2
"3108779869","4",0
"3108779870","4",0
"3108779871","4",0
"3109779857","4",6
"3109779860","4",0
"3109779863","4",4
"3155749696","4",0
"3155749697","4",3
"3155749701","4",1
"3156749696","4",3
"3156749697","4",3
"3156749710","4",3
"3156749711","4",2
"3157749810","4",1
"3157749818","4",1
"3157749820","4",3
"3158749817","4",0
"3158749818","4",3
"3166746850","4",4
"3167746852","4",1
"3167746863","4",7
"3168746853","4",0
"3168746855","4",7
"3168746856","4",0
"3310331139","4",5
"3551611303","4",4
"3552611302","4",2
"3552611311","4",4
"3553611288","4",7
"3553611295","4",0
"3564485700","4",2
"3780668368","4",3
"3780668370","4",1
"3780668371","4",0
"3844283385","4",4
"3844283390","4",6
"3844283391","4",0
"3845283384","4",0
"3845283386","4",4
"3845283387","4",2
"3845283388","4",0
"3845283389","4",1
"3845283391","4",0
"3846283383","4",0
"3846283384","4",1
"3846283386","4",6
"3846283389","4",1
"3846283390","4",3
"3847283382","4",0
"3847283383","4",4
"3847283384","4",2
"3847283385","4",6
"3857036627","4",0
"3857036628","4",5
"3857036630","4",0
"3857036631","4",4
"3857036632","4",0
"3857036633","4",6
"3858036628","4",0
"3858036630","4",3
"3858036635","4",0
"3859036628","4",0
"3859036629","4",4
"3860036619","4",0
"3860036621","4",0
"3877422756","4",5
"3877422760","4",5
"3877422762","4",4
"3877422763","4",0
"3877422764","4",3
"3878422758","4",4
"3878422760","4",4
"3878422761","4",1
"3878422762","4",5
"3878422763","4",4
"3878422764","4",4
"3878422765","4",5
"3880422752","4",4
"3880422756","4",5
"3880422757","4",2
"3880422758","4",5
"3900126813","4",1
"3946735344","4",0
"3950521777","4",6
"3950521778","4",4
"3950521779","4",5
"4050482296","4",7
"4050482300","4",1
"4050482301","4",5
"4055482288","4",4
"4055482289","4",4
"4055482291","4",3
"4055482292","4",3
"4055482295","4",5
"4055482302","4",5
"4055482303","4",3
"4056482275","4",7
"4056482280","4",7
"4056482281","4",4
"4056482282","4",6
"4056482285","4",1
"4056482286","4",2
"4057482276","4",1
"4057482280","4",0
"4057482282","4",6
"4057482283","4",5
"4057482284","4",0
"4057482286","4",3
"4057482287","4",4
"4221177910","4",1
"4271991277","4",1
"4273991277","4",4
"4277991258","4",0
"4277991263","4",0
"46876753","5",3
"99343432","5",3
"99343433","5",0
"103343436","5",3
"104343425","5",4
"104343426","5",5
"104343427","5",3
"104343429","5",2
"104343430","5",5
"104343431","5",3
"104343438","5",0
"105343538","5",2
"105343539","5",4
"105343544","5",5
"105343545","5",6
"105343546","5",2
"105343548","5",4
"105343549","5",3
"105343551","5",2
"106343541","5",0
"106343545","5",0
"106343546","5",2
"106343547","5",3
"106343548","5",3
"106343549","5",0
"106343551","5",5
"200645921","5",0
"200645922","5",3
"297835329","5",3
"297835330","5",1
"297835332","5",3
"297835333","5",2
"297835335","5",2
"297835336","5",4
"297835337","5",3
"310621860","5",0
"310621861","5",3
"310621864","5",1
"310621867","5",0
"310621869","5",2
"310621870","5",1
"311621863","5",3
"311621865","5",2
"311621866","5",2
"311621867","5",2
"311621868","5",4
"311621869","5",1
"311621871","5",1
"312621857","5",1
"312621858","5",1
"312621862","5",2
"312621863","5",3
"313621856","5",4
"313621857","5",2
"313621860","5",1
"313621861","5",3
"313621863","5",1
"313621868","5",3
"376934460","5",3
"397706291","5",3
"398706288","5",3
"398706289","5",3
"398706291","5",5
"398706293","5",5
"398706295","5",5
"398706298","5",1
"398706299","5",3
"399706292","5",4
"399706294","5",5
"399706302","5",4
"399706303","5",4
"400706273","5",4
"400706281","5",4
"400706282","5",5
"400706284","5",3
"483802998","5",3
"483803003","5",2
"551897107","5",2
"578207600","5",4
"578207601","5",0
"587661788","5",1
"607278046","5",1
"608278032","5",0
"701403945","5",3
"701403947","5",0
"701403949","5",2
"701403951","5",3
"702403947","5",1
"709403923","5",3
"709403925","5",5
"735017889","5",1
"735017891","5",4
"735017893","5",4
"735017894","5",2
"735017895","5",0
"736017889","5",1
"736017891","5",2
"736017895","5",2
"736017903","5",1
"776256715","5",2
"914025797","5",5
"1268289547","5",2
"1269495443","5",2
"1269495444","5",1
"1269495448","5",3
"1269495449","5",1
"1270495442","5",3
"1270495450","5",0
"1272495432","5",4
"1272495434","5",4
"1307041769","5",0
"1328658017","5",1
"1328658022","5",1
"1450397880","5",2
"1451397886","5",4
"1462397848","5",1
"1462397850","5",0
"1463397846","5",2
"1463397853","5",0
"1464397850","5",0
"1465397840","5",2
"1465397842","5",3
"1465397852","5",0
"1539215531","5",2
"1637405762","5",0
"1642405874","5",0
"1669020028","5",0
"1669020030","5",2
"1716989860","5",2
"1716989867","5",2
"1717989860","5",0
"1752456034","5",0
"1752456035","5",3
"1752456039","5",4
"1864571313","5",1
"1864571315","5",2
"1864571316","5",0
"1864571318","5",3
"1865571312","5",0
"1865571313","5",3
"1865571314","5",0
"1865571315","5",2
"1866571312","5",3
"1866571313","5",1
"1866571314","5",1
"1866571315","5",3
"1866571316","5",2
"1866571326","5",2
"1866571327","5",2
"1867571304","5",0
"1867571310","5",4
"1985875425","5",3
"1985875434","5",2
"1985875436","5",1
"1985875439","5",0
"1986875433","5",3
"1986875434","5",2
"1986875436","5",5
"1986875438","5",3
"1986875439","5",5
"1988669523","5",2
"1988875428","5",3
"1989875436","5",2
"1997669620","5",2
"1997669624","5",4
"1997669631","5",3
"1998669622","5",2
"1999875398","5",4
"1999875399","5",3
"2000875398","5",3
"2021657105","5",0
"2023657106","5",6
"2023657108","5",2
"2023657110","5",2
"2023657111","5",4
"2024657088","5",0
"2024657089","5",4
"2024657102","5",0
"2024657103","5",4
"2025657093","5",1
"2025657099","5",2
"2026657096","5",3
"2026657099","5",5
"2026657101","5",2
"2026657102","5",2
"2085109547","5",0
"2088109536","5",0
"2152328891","5",0
"2152328893","5",0
"2157328877","5",1
"2161328864","5",0
"2161328871","5",1
"2225170822","5",4
"2246090305","5",0
"2246090317","5",0
"2261155934","5",0
"2262155922","5",0
"2263155934","5",0
"2368220984","5",1
"2368220986","5",5
"2368220988","5",1
"2369220984","5",1
"2369220988","5",1
"2369220989","5",2
"2369220990","5",1
"2370220983","5",0
"2370220986","5",2
"2370220990","5",1
"2371220976","5",2
"2371220977","5",2
"2371220981","5",1
"2413276682","5",0
"2415276684","5",1
"2431908768","5",2
"2464835910","5",0
"2464835911","5",1
"2464835913","5",1
"2487054600","5",1
"2488054597","5",3
"2719049478","5",3
"2720049487","5",1
"2835012944","5",1
"2835012945","5",0
"2835012952","5",0
"2835012955","5",3
"2835012957","5",0
"2835012958","5",2
"2835012959","5",0
"2836012946","5",3
"2836012952","5",2
"2836012953","5",2
"2836012959","5",2
"2837012955","5",1
"2837012957","5",3
"2837012958","5",2
"2837012959","5",0
"2838012944","5",2
"2838012946","5",2
"2838012947","5",2
"2838012949","5",0
"2838012951","5",1
"2838012952","5",0
"2838012953","5",2
"2970470285","5",5
"2971470279","5",2
"3021863366","5",5
"3042853288","5",0
"3042853293","5",2
"3043853284","5",0
"3043853294","5",1
"3045853283","5",1
"3045853285","5",1
"3045853287","5",3
"3046853293","5",2
"3050288417","5",0
"3106779865","5",0
"3106779867","5",2
"3108779864","5",1
"3108779865","5",0
"3108779866","5",3
"3108779868","5",1
"3108779869","5",0
"3108779870","5",0
"3108779871","5",0
"3109779857","5",4
"3109779860","5",0
"3109779863","5",1
"3155749696","5",0
"3155749697","5",2
"3155749701","5",1
"3156749696","5",3
"3156749697","5",2
"3156749710","5",2
"3156749711","5",0
"3157749810","5",1
"3157749818","5",2
"3157749820","5",3
"3158749817","5",1
"3158749818","5",3
"3166746850","5",3
"3167746852","5",0
"3167746863","5",7
"3168746853","5",0
"3168746855","5",6
"3168746856","5",0
"3310331139","5",3
"3551611303","5",1
"3552611302","5",1
"3552611311","5",2
"3553611288","5",4
"3553611295","5",0
"3564485700","5",3
"3780668368","5",1
"3780668370","5",0
"3780668371","5",0
"3844283385","5",2
"3844283390","5",3
"3844283391","5",0
"3845283384","5",1
"3845283386","5",2
"3845283387","5",0
"3845283388","5",1
"3845283389","5",0
"3845283391","5",0
"3846283383","5",1
"3846283384","5",0
"3846283386","5",4
"3846283389","5",0
"3846283390","5",3
"3847283382","5",0
"3847283383","5",0
"3847283384","5",2
"3847283385","5",3
"3857036627","5",0
"3857036628","5",1
"3857036630","5",0
"3857036631","5",3
"3857036632","5",0
"3857036633","5",3
"3858036628","5",0
"3858036630","5",3
"3858036635","5",0
"3859036628","5",0
"3859036629","5",1
"3860036619","5",0
"3860036621","5",0
"3877422756","5",3
"3877422760","5",3
"3877422762","5",3
"3877422763","5",0
"3877422764","5",1
"3878422758","5",2
"3878422760","5",2
"3878422761","5",1
"3878422762","5",5
"3878422763","5",2
"3878422764","5",2
"3878422765","5",3
"3880422752","5",2
"3880422756","5",3
"3880422757","5",2
"3880422758","5",2
"3900126813","5",2
"3946735344","5",0
"3950521777","5",3
"3950521778","5",2
"3950521779","5",2
"4050482296","5",5
"4050482300","5",0
"4050482301","5",3
"4055482288","5",1
"4055482289","5",3
"4055482291","5",1
"4055482292","5",1
"4055482295","5",3
"4055482302","5",2
"4055482303","5",1
"4056482275","5",2
"4056482280","5",3
"4056482281","5",1
"4056482282","5",4
"4056482285","5",0
"4056482286","5",1
"4057482276","5",2
"4057482280","5",1
"4057482282","5",4
"4057482283","5",3
"4057482284","5",0
"4057482286","5",1
"4057482287","5",2
"4221177910","5",2
"4271991277","5",1
"4273991277","5",1
"4277991258","5",0
"4277991263","5",0
"46876753","6",5
"99343432","6",3
"99343433","6",0
"103343436","6",2
"104343425","6",5
"104343426","6",4
"104343427","6",2
"104343429","6",0
"104343430","6",4
"104343431","6",4
"104343438","6",1
"105343538","6",1
"105343539","6",5
"105343544","6",5
"105343545","6",5
"105343546","6",1
"105343548","6",5
"105343549","6",2
"105343551","6",1
"106343541","6",0
"106343545","6",0
"106343546","6",1
"106343547","6",2
"106343548","6",3
"106343549","6",0
"106343551","6",5
"200645921","6",0
"200645922","6",1
"297835329","6",2
"297835330","6",0
"297835332","6",2
"297835333","6",1
"297835335","6",1
"297835336","6",1
"297835337","6",1
"310621860","6",1
"310621861","6",1
"310621864","6",0
"310621867","6",0
"310621869","6",2
"310621870","6",0
"311621863","6",1
"311621865","6",0
"311621866","6",1
"311621867","6",2
"311621868","6",2
"311621869","6",0
"311621871","6",0
"312621857","6",0
"312621858","6",0
"312621862","6",0
"312621863","6",1
"313621856","6",3
"313621857","6",0
"313621860","6",0
"313621861","6",2
"313621863","6",0
"313621868","6",2
"376934460","6",1
"397706291","6",4
"398706288","6",4
"398706289","6",1
"398706291","6",3
"398706293","6",4
"398706295","6",5
"398706298","6",0
"398706299","6",1
"399706292","6",1
"399706294","6",4
"399706302","6",4
"399706303","6",3
"400706273","6",4
"400706281","6",4
"400706282","6",6
"400706284","6",5
"483802998","6",1
"483803003","6",1
"551897107","6",0
"578207600","6",3
"578207601","6",0
"587661788","6",0
"607278046","6",0
"608278032","6",0
"701403945","6",1
"701403947","6",1
"701403949","6",0
"701403951","6",2
"702403947","6",0
"709403923","6",1
"709403925","6",2
"735017889","6",3
"735017891","6",4
"735017893","6",4
"735017894","6",3
"735017895","6",2
"736017889","6",1
"736017891","6",0
"736017895","6",3
"736017903","6",4
"776256715","6",0
"914025797","6",3
"1268289547","6",0
"1269495443","6",2
"1269495444","6",1
"1269495448","6",2
"1269495449","6",0
"1270495442","6",3
"1270495450","6",0
"1272495432","6",1
"1272495434","6",0
"1307041769","6",0
"1328658017","6",2
"1328658022","6",0
"1450397880","6",2
"1451397886","6",3
"1462397848","6",0
"1462397850","6",0
"1463397846","6",1
"1463397853","6",0
"1464397850","6",1
"1465397840","6",1
"1465397842","6",1
"1465397852","6",0
"1539215531","6",2
"1637405762","6",0
"1642405874","6",0
"1669020028","6",0
"1669020030","6",0
"1716989860","6",1
"1716989867","6",0
"1717989860","6",0
"1752456034","6",0
"1752456035","6",0
"1752456039","6",0
"1864571313","6",1
"1864571315","6",0
"1864571316","6",0
"1864571318","6",1
"1865571312","6",0
"1865571313","6",0
"1865571314","6",1
"1865571315","6",1
"1866571312","6",1
"1866571313","6",1
"1866571314","6",0
"1866571315","6",1
"1866571316","6",1
"1866571326","6",1
"1866571327","6",2
"1867571304","6",0
"1867571310","6",4
"1985875425","6",2
"1985875434","6",1
"1985875436","6",0
"1985875439","6",0
"1986875433","6",1
"1986875434","6",2
"1986875436","6",2
"1986875438","6",1
"1986875439","6",2
"1988669523","6",0
"1988875428","6",1
"1989875436","6",2
"1997669620","6",0
"1997669624","6",2
"1997669631","6",0
"1998669622","6",0
"1999875398","6",2
"1999875399","6",1
"2000875398","6",1
"2021657105","6",0
"2023657106","6",4
"2023657108","6",0
"2023657110","6",1
"2023657111","6",3
"2024657088","6",0
"2024657089","6",2
"2024657102","6",0
"2024657103","6",2
"2025657093","6",0
"2025657099","6",1
"2026657096","6",1
"2026657099","6",5
"2026657101","6",0
"2026657102","6",1
"2085109547","6",0
"2088109536","6",0
"2152328891","6",0
"2152328893","6",0
"2157328877","6",0
"2161328864","6",0
"2161328871","6",0
"2225170822","6",5
"2246090305","6",0
"2246090317","6",0
"2261155934","6",1
"2262155922","6",1
"2263155934","6",1
"2368220984","6",0
"2368220986","6",2
"2368220988","6",0
"2369220984","6",0
"2369220988","6",0
"2369220989","6",1
"2369220990","6",0
"2370220983","6",0
"2370220986","6",1
"2370220990","6",0
"2371220976","6",0
"2371220977","6",1
"2371220981","6",0
"2413276682","6",0
"2415276684","6",0
"2431908768","6",1
"2464835910","6",0
"2464835911","6",1
"2464835913","6",0
"2487054600","6",1
"2488054597","6",1
"2719049478","6",1
"2720049487","6",0
"2835012944","6",0
"2835012945","6",1
"2835012952","6",0
"2835012955","6",2
"2835012957","6",1
"2835012958","6",1
"2835012959","6",0
"2836012946","6",4
"2836012952","6",1
"2836012953","6",0
"2836012959","6",1
"2837012955","6",0
"2837012957","6",1
"2837012958","6",1
"2837012959","6",0
"2838012944","6",2
"2838012946","6",0
"2838012947","6",1
"2838012949","6",0
"2838012951","6",1
"2838012952","6",0
"2838012953","6",1
"2970470285","6",3
"2971470279","6",1
"3021863366","6",6
"3042853288","6",0
"3042853293","6",0
"3043853284","6",0
"3043853294","6",0
"3045853283","6",0
"3045853285","6",0
"3045853287","6",2
"3046853293","6",0
"3050288417","6",0
"3106779865","6",0
"3106779867","6",0
"3108779864","6",1
"3108779865","6",0
"3108779866","6",1
"3108779868","6",0
"3108779869","6",0
"3108779870","6",0
"3108779871","6",0
"3109779857","6",1
"3109779860","6",0
"3109779863","6",0
"3155749696","6",0
"3155749697","6",1
"3155749701","6",0
"3156749696","6",1
"3156749697","6",1
"3156749710","6",1
"3156749711","6",1
"3157749810","6",0
"3157749818","6",1
"3157749820","6",1
"3158749817","6",1
"3158749818","6",1
"3166746850","6",1
"3167746852","6",2
"3167746863","6",5
"3168746853","6",1
"3168746855","6",5
"3168746856","6",3
"3310331139","6",3
"3551611303","6",1
"3552611302","6",1
"3552611311","6",0
"3553611288","6",1
"3553611295","6",0
"3564485700","6",3
"3780668368","6",0
"3780668370","6",0
"3780668371","6",0
"3844283385","6",2
"3844283390","6",0
"3844283391","6",0
"3845283384","6",0
"3845283386","6",1
"3845283387","6",1
"3845283388","6",0
"3845283389","6",0
"3845283391","6",1
"3846283383","6",0
"3846283384","6",0
"3846283386","6",1
"3846283389","6",0
"3846283390","6",0
"3847283382","6",1
"3847283383","6",0
"3847283384","6",0
"3847283385","6",2
"3857036627","6",0
"3857036628","6",3
"3857036630","6",0
"3857036631","6",0
"3857036632","6",1
"3857036633","6",5
"3858036628","6",0
"3858036630","6",1
"3858036635","6",0
"3859036628","6",0
"3859036629","6",3
"3860036619","6",0
"3860036621","6",0
"3877422756","6",2
"3877422760","6",1
"3877422762","6",2
"3877422763","6",0
"3877422764","6",0
"3878422758","6",0
"3878422760","6",1
"3878422761","6",0
"3878422762","6",6
"3878422763","6",1
"3878422764","6",0
"3878422765","6",1
"3880422752","6",1
"3880422756","6",2
"3880422757","6",0
"3880422758","6",1
"3900126813","6",2
"3946735344","6",0
"3950521777","6",2
"3950521778","6",1
"3950521779","6",0
"4050482296","6",3
"4050482300","6",0
"4050482301","6",0
"4055482288","6",0
"4055482289","6",0
"4055482291","6",0
"4055482292","6",0
"4055482295","6",2
"4055482302","6",2
"4055482303","6",0
"4056482275","6",1
"4056482280","6",1
"4056482281","6",0
"4056482282","6",1
"4056482285","6",1
"4056482286","6",1
"4057482276","6",1
"4057482280","6",0
"4057482282","6",1
"4057482283","6",1
"4057482284","6",2
"4057482286","6",0
"4057482287","6",2
"4221177910","6",2
"4271991277","6",2
"4273991277","6",0
"4277991258","6",0
"4277991263","6",0
"46876753","7",0
"99343432","7",2
"99343433","7",0
"103343436","7",0
"104343425","7",1
"104343426","7",0
"104343427","7",0
"104343429","7",0
"104343430","7",2
"104343431","7",0
"104343438","7",1
"105343538","7",1
"105343539","7",1
"105343544","7",2
"105343545","7",3
"105343546","7",1
"105343548","7",0
"105343549","7",1
"105343551","7",1
"106343541","7",0
"106343545","7",0
"106343546","7",0
"106343547","7",1
"106343548","7",0
"106343549","7",0
"106343551","7",0
"200645921","7",0
"200645922","7",0
"297835329","7",0
"297835330","7",0
"297835332","7",0
"297835333","7",0
"297835335","7",0
"297835336","7",0
"297835337","7",1
"310621860","7",2
"310621861","7",0
"310621864","7",0
"310621867","7",0
"310621869","7",1
"310621870","7",1
"311621863","7",0
"311621865","7",1
"311621866","7",0
"311621867","7",1
"311621868","7",1
"311621869","7",0
"311621871","7",0
"312621857","7",0
"312621858","7",0
"312621862","7",2
"312621863","7",0
"313621856","7",2
"313621857","7",0
"313621860","7",0
"313621861","7",1
"313621863","7",0
"313621868","7",0
"376934460","7",1
"397706291","7",0
"398706288","7",1
"398706289","7",1
"398706291","7",2
"398706293","7",3
"398706295","7",1
"398706298","7",0
"398706299","7",2
"399706292","7",1
"399706294","7",3
"399706302","7",2
"399706303","7",2
"400706273","7",2
"400706281","7",1
"400706282","7",2
"400706284","7",1
"483802998","7",0
"483803003","7",0
"551897107","7",0
"578207600","7",1
"578207601","7",1
"587661788","7",0
"607278046","7",0
"608278032","7",0
"701403945","7",1
"701403947","7",0
"701403949","7",1
"701403951","7",0
"702403947","7",0
"709403923","7",1
"709403925","7",0
"735017889","7",0
"735017891","7",2
"735017893","7",2
"735017894","7",0
"735017895","7",1
"736017889","7",1
"736017891","7",2
"736017895","7",3
"736017903","7",0
"776256715","7",0
"914025797","7",2
"1268289547","7",0
"1269495443","7",2
"1269495444","7",0
"1269495448","7",0
"1269495449","7",0
"1270495442","7",1
"1270495450","7",0
"1272495432","7",0
"1272495434","7",0
"1307041769","7",0
"1328658017","7",0
"1328658022","7",0
"1450397880","7",2
"1451397886","7",1
"1462397848","7",0
"1462397850","7",0
"1463397846","7",0
"1463397853","7",0
"1464397850","7",0
"1465397840","7",0
"1465397842","7",3
"1465397852","7",1
"1539215531","7",2
"1637405762","7",0
"1642405874","7",0
"1669020028","7",0
"1669020030","7",0
"1716989860","7",2
"1716989867","7",1
"1717989860","7",1
"1752456034","7",0
"1752456035","7",0
"1752456039","7",1
"1864571313","7",1
"1864571315","7",1
"1864571316","7",0
"1864571318","7",2
"1865571312","7",0
"1865571313","7",0
"1865571314","7",1
"1865571315","7",1
"1866571312","7",1
"1866571313","7",1
"1866571314","7",0
"1866571315","7",1
"1866571316","7",2
"1866571326","7",0
"1866571327","7",2
"1867571304","7",0
"1867571310","7",1
"1985875425","7",0
"1985875434","7",3
"1985875436","7",0
"1985875439","7",0
"1986875433","7",0
"1986875434","7",0
"1986875436","7",1
"1986875438","7",0
"1986875439","7",0
"1988669523","7",0
"1988875428","7",0
"1989875436","7",0
"1997669620","7",0
"1997669624","7",0
"1997669631","7",1
"1998669622","7",0
"1999875398","7",0
"1999875399","7",0
"2000875398","7",0
"2021657105","7",0
"2023657106","7",1
"2023657108","7",0
"2023657110","7",0
"2023657111","7",2
"2024657088","7",0
"2024657089","7",0
"2024657102","7",0
"2024657103","7",1
"2025657093","7",0
"2025657099","7",0
"2026657096","7",1
"2026657099","7",2
"2026657101","7",0
"2026657102","7",1
"2085109547","7",0
"2088109536","7",0
"2152328891","7",0
"2152328893","7",0
"2157328877","7",0
"2161328864","7",0
"2161328871","7",0
"2225170822","7",0
"2246090305","7",0
"2246090317","7",0
"2261155934","7",0
"2262155922","7",0
"2263155934","7",0
"2368220984","7",0
"2368220986","7",2
"2368220988","7",0
"2369220984","7",0
"2369220988","7",1
"2369220989","7",1
"2369220990","7",0
"2370220983","7",0
"2370220986","7",1
"2370220990","7",0
"2371220976","7",0
"2371220977","7",0
"2371220981","7",0
"2413276682","7",0
"2415276684","7",0
"2431908768","7",0
"2464835910","7",0
"2464835911","7",0
"2464835913","7",0
"2487054600","7",0
"2488054597","7",2
"2719049478","7",0
"2720049487","7",1
"2835012944","7",0
"2835012945","7",0
"2835012952","7",1
"2835012955","7",2
"2835012957","7",0
"2835012958","7",0
"2835012959","7",0
"2836012946","7",0
"2836012952","7",0
"2836012953","7",0
"2836012959","7",1
"2837012955","7",0
"2837012957","7",1
"2837012958","7",1
"2837012959","7",1
"2838012944","7",0
"2838012946","7",1
"2838012947","7",1
"2838012949","7",0
"2838012951","7",0
"2838012952","7",0
"2838012953","7",0
"2970470285","7",1
"2971470279","7",0
"3021863366","7",2
"3042853288","7",1
"3042853293","7",2
"3043853284","7",0
"3043853294","7",1
"3045853283","7",0
"3045853285","7",1
"3045853287","7",0
"3046853293","7",1
"3050288417","7",0
"3106779865","7",0
"3106779867","7",0
"3108779864","7",1
"3108779865","7",0
"3108779866","7",0
"3108779868","7",0
"3108779869","7",0
"3108779870","7",0
"3108779871","7",0
"3109779857","7",0
"3109779860","7",0
"3109779863","7",0
"3155749696","7",0
"3155749697","7",1
"3155749701","7",0
"3156749696","7",2
"3156749697","7",0
"3156749710","7",0
"3156749711","7",0
"3157749810","7",0
"3157749818","7",0
"3157749820","7",1
"3158749817","7",0
"3158749818","7",1
"3166746850","7",0
"3167746852","7",0
"3167746863","7",2
"3168746853","7",0
"3168746855","7",2
"3168746856","7",0
"3310331139","7",2
"3551611303","7",0
"3552611302","7",0
"3552611311","7",1
"3553611288","7",1
"3553611295","7",0
"3564485700","7",1
"3780668368","7",0
"3780668370","7",0
"3780668371","7",0
"3844283385","7",1
"3844283390","7",2
"3844283391","7",0
"3845283384","7",0
"3845283386","7",0
"3845283387","7",0
"3845283388","7",0
"3845283389","7",0
"3845283391","7",0
"3846283383","7",0
"3846283384","7",0
"3846283386","7",2
"3846283389","7",1
"3846283390","7",0
"3847283382","7",0
"3847283383","7",0
"3847283384","7",0
"3847283385","7",0
"3857036627","7",0
"3857036628","7",0
"3857036630","7",0
"3857036631","7",0
"3857036632","7",1
"3857036633","7",3
"3858036628","7",0
"3858036630","7",2
"3858036635","7",0
"3859036628","7",0
"3859036629","7",0
"3860036619","7",0
"3860036621","7",0
"3877422756","7",0
"3877422760","7",1
"3877422762","7",0
"3877422763","7",0
"3877422764","7",0
"3878422758","7",0
"3878422760","7",0
"3878422761","7",1
"3878422762","7",1
"3878422763","7",0
"3878422764","7",1
"3878422765","7",0
"3880422752","7",0
"3880422756","7",0
"3880422757","7",0
"3880422758","7",0
"3900126813","7",2
"3946735344","7",0
"3950521777","7",1
"3950521778","7",1
"3950521779","7",1
"4050482296","7",0
"4050482300","7",0
"4050482301","7",0
"4055482288","7",0
"4055482289","7",0
"4055482291","7",0
"4055482292","7",0
"4055482295","7",0
"4055482302","7",0
"4055482303","7",0
"4056482275","7",0
"4056482280","7",1
"4056482281","7",0
"4056482282","7",0
"4056482285","7",0
"4056482286","7",0
"4057482276","7",0
"4057482280","7",0
"4057482282","7",0
"4057482283","7",0
"4057482284","7",0
"4057482286","7",0
"4057482287","7",0
"4221177910","7",1
"4271991277","7",1
"4273991277","7",0
"4277991258","7",0
"4277991263","7",0
"46876753","8",0
"99343432","8",1
"99343433","8",0
"103343436","8",0
"104343425","8",1
"104343426","8",0
"104343427","8",0
"104343429","8",0
"104343430","8",1
"104343431","8",0
"104343438","8",1
"105343538","8",0
"105343539","8",0
"105343544","8",0
"105343545","8",1
"105343546","8",0
"105343548","8",0
"105343549","8",0
"105343551","8",1
"106343541","8",0
"106343545","8",0
"106343546","8",0
"106343547","8",0
"106343548","8",0
"106343549","8",0
"106343551","8",0
"200645921","8",0
"200645922","8",0
"297835329","8",0
"297835330","8",0
"297835332","8",0
"297835333","8",0
"297835335","8",0
"297835336","8",0
"297835337","8",0
"310621860","8",1
"310621861","8",0
"310621864","8",0
"310621867","8",0
"310621869","8",1
"310621870","8",1
"311621863","8",0
"311621865","8",1
"311621866","8",0
"311621867","8",1
"311621868","8",1
"311621869","8",0
"311621871","8",0
"312621857","8",0
"312621858","8",0
"312621862","8",1
"312621863","8",0
"313621856","8",1
"313621857","8",0
"313621860","8",0
"313621861","8",1
"313621863","8",1
"313621868","8",0
"376934460","8",1
"397706291","8",0
"398706288","8",0
"398706289","8",1
"398706291","8",1
"398706293","8",1
"398706295","8",0
"398706298","8",0
"398706299","8",0
"399706292","8",0
"399706294","8",1
"399706302","8",1
"399706303","8",0
"400706273","8",1
"400706281","8",1
"400706282","8",1
"400706284","8",0
"483802998","8",0
"483803003","8",0
"551897107","8",0
"578207600","8",0
"578207601","8",0
"587661788","8",0
"607278046","8",0
"608278032","8",0
"701403945","8",1
"701403947","8",0
"701403949","8",1
"701403951","8",0
"702403947","8",0
"709403923","8",0
"709403925","8",0
"735017889","8",0
"735017891","8",1
"735017893","8",0
"735017894","8",0
"735017895","8",0
"736017889","8",1
"736017891","8",0
"736017895","8",1
"736017903","8",0
"776256715","8",0
"914025797","8",1
"1268289547","8",0
"1269495443","8",0
"1269495444","8",0
"1269495448","8",0
"1269495449","8",0
"1270495442","8",0
"1270495450","8",0
"1272495432","8",0
"1272495434","8",0
"1307041769","8",0
"1328658017","8",0
"1328658022","8",1
"1450397880","8",1
"1451397886","8",0
"1462397848","8",0
"1462397850","8",0
"1463397846","8",1
"1463397853","8",0
"1464397850","8",0
"1465397840","8",0
"1465397842","8",0
"1465397852","8",0
"1539215531","8",0
"1637405762","8",0
"1642405874","8",0
"1669020028","8",0
"1669020030","8",0
"1716989860","8",0
"1716989867","8",0
"1717989860","8",0
"1752456034","8",0
"1752456035","8",0
"1752456039","8",1
"1864571313","8",1
"1864571315","8",0
"1864571316","8",0
"1864571318","8",1
"1865571312","8",0
"1865571313","8",0
"1865571314","8",1
"1865571315","8",0
"1866571312","8",0
"1866571313","8",0
"1866571314","8",0
"1866571315","8",1
"1866571316","8",0
"1866571326","8",0
"1866571327","8",0
"1867571304","8",0
"1867571310","8",1
"1985875425","8",0
"1985875434","8",1
"1985875436","8",0
"1985875439","8",0
"1986875433","8",0
"1986875434","8",0
"1986875436","8",0
"1986875438","8",0
"1986875439","8",0
"1988669523","8",0
"1988875428","8",0
"1989875436","8",0
"1997669620","8",0
"1997669624","8",0
"1997669631","8",0
"1998669622","8",0
"1999875398","8",0
"1999875399","8",0
"2000875398","8",0
"2021657105","8",0
"2023657106","8",0
"2023657108","8",0
"2023657110","8",0
"2023657111","8",1
"2024657088","8",0
"2024657089","8",0
"2024657102","8",0
"2024657103","8",1
"2025657093","8",0
"2025657099","8",0
"2026657096","8",0
"2026657099","8",1
"2026657101","8",0
"2026657102","8",0
"2085109547","8",0
"2088109536","8",0
"2152328891","8",0
"2152328893","8",0
"2157328877","8",0
"2161328864","8",0
"2161328871","8",0
"2225170822","8",0
"2246090305","8",0
"2246090317","8",0
"2261155934","8",0
"2262155922","8",0
"2263155934","8",0
"2368220984","8",0
"2368220986","8",0
"2368220988","8",0
"2369220984","8",0
"2369220988","8",1
"2369220989","8",1
"2369220990","8",0
"2370220983","8",0
"2370220986","8",1
"2370220990","8",0
"2371220976","8",0
"2371220977","8",0
"2371220981","8",0
"2413276682","8",0
"2415276684","8",0
"2431908768","8",0
"2464835910","8",0
"2464835911","8",0
"2464835913","8",0
"2487054600","8",0
"2488054597","8",0
"2719049478","8",0
"2720049487","8",0
"2835012944","8",0
"2835012945","8",0
"2835012952","8",1
"2835012955","8",1
"2835012957","8",0
"2835012958","8",0
"2835012959","8",0
"2836012946","8",0
"2836012952","8",0
"2836012953","8",0
"2836012959","8",1
"2837012955","8",0
"2837012957","8",0
"2837012958","8",0
"2837012959","8",1
"2838012944","8",0
"2838012946","8",1
"2838012947","8",1
"2838012949","8",0
"2838012951","8",0
"2838012952","8",0
"2838012953","8",0
"2970470285","8",0
"2971470279","8",0
"3021863366","8",1
"3042853288","8",0
"3042853293","8",1
"3043853284","8",0
"3043853294","8",1
"3045853283","8",0
"3045853285","8",1
"3045853287","8",0
"3046853293","8",0
"3050288417","8",0
"3106779865","8",0
"3106779867","8",0
"3108779864","8",0
"3108779865","8",0
"3108779866","8",0
"3108779868","8",0
"3108779869","8",0
"3108779870","8",0
"3108779871","8",0
"3109779857","8",0
"3109779860","8",0
"3109779863","8",0
"3155749696","8",0
"3155749697","8",0
"3155749701","8",0
"3156749696","8",0
"3156749697","8",0
"3156749710","8",0
"3156749711","8",0
"3157749810","8",0
"3157749818","8",0
"3157749820","8",0
"3158749817","8",0
"3158749818","8",0
"3166746850","8",0
"3167746852","8",0
"3167746863","8",0
"3168746853","8",0
"3168746855","8",1
"3168746856","8",0
"3310331139","8",0
"3551611303","8",0
"3552611302","8",0
"3552611311","8",0
"3553611288","8",0
"3553611295","8",0
"3564485700","8",1
"3780668368","8",0
"3780668370","8",0
"3780668371","8",0
"3844283385","8",0
"3844283390","8",1
"3844283391","8",0
"3845283384","8",0
"3845283386","8",0
"3845283387","8",0
"3845283388","8",0
"3845283389","8",0
"3845283391","8",0
"3846283383","8",0
"3846283384","8",0
"3846283386","8",1
"3846283389","8",0
"3846283390","8",0
"3847283382","8",0
"3847283383","8",0
"3847283384","8",0
"3847283385","8",0
"3857036627","8",0
"3857036628","8",0
"3857036630","8",0
"3857036631","8",0
"3857036632","8",0
"3857036633","8",1
"3858036628","8",0
"3858036630","8",0
"3858036635","8",0
"3859036628","8",0
"3859036629","8",0
"3860036619","8",0
"3860036621","8",0
"3877422756","8",0
"3877422760","8",1
"3877422762","8",0
"3877422763","8",0
"3877422764","8",0
"3878422758","8",0
"3878422760","8",0
"3878422761","8",0
"3878422762","8",0
"3878422763","8",0
"3878422764","8",1
"3878422765","8",0
"3880422752","8",0
"3880422756","8",0
"3880422757","8",0
"3880422758","8",0
"3900126813","8",1
"3946735344","8",0
"3950521777","8",1
"3950521778","8",1
"3950521779","8",1
"4050482296","8",0
"4050482300","8",0
"4050482301","8",0
"4055482288","8",0
"4055482289","8",0
"4055482291","8",0
"4055482292","8",0
"4055482295","8",0
"4055482302","8",0
"4055482303","8",0
"4056482275","8",0
"4056482280","8",1
"4056482281","8",0
"4056482282","8",0
"4056482285","8",0
"4056482286","8",0
"4057482276","8",0
"4057482280","8",0
"4057482282","8",0
"4057482283","8",0
"4057482284","8",0
"4057482286","8",0
"4057482287","8",0
"4221177910","8",1
"4271991277","8",0
"4273991277","8",0
"4277991258","8",0
"4277991263","8",0